Rk,Player,Nation,Pos,Squad,Age,Born,MP_playingtime,Starts_playingtime,Min_playingtime,Gls_performance,Ast_performance,PK_performance,PKatt_performance,CrdY_performance,CrdR_performance,Gls_per90min,Ast_per90min,G_plus_A_per90min,G_minus_PK_per90min,G_plus_A_minus_PK_per90min
1,Anatole Abang\Anatole-Abang,cm CMR,FW,NY Red Bulls,18,1996,17,3,400,4,0,0,0,1,0,0.9,0,0.9,0.9,0.9
2,Saad Abdul-Salaam\Saad-Abdul-Salaam,us USA,DF,Sporting KC,23,1991,22,10,1082,0,1,0,0,1,0,0,0.08,0.08,0,0.08
3,David Accam\David-Accam,gh GHA,FWMF,Chicago,24,1990,24,21,1860,10,2,0,0,4,1,0.48,0.1,0.58,0.48,0.58
4,Kellyn Acosta\Kellyn-Acosta,us USA,DFMF,FC Dallas,19,1995,21,19,1604,3,2,0,0,4,1,0.17,0.11,0.28,0.17,0.28
5,Adaílton\Adailton,br BRA,DF,Chicago,30,1984,17,17,1503,1,0,0,0,6,0,0.06,0,0.06,0.06,0.06
6,Sam Adekugbe\Sam-Adekugbe,ca CAN,DFMF,Vancouver,20,1995,9,7,647,0,0,0,0,4,0,0,0,0,0,0
7,Fanendo Adi\Fanendo-Adi,ng NGA,FW,Portland,24,1990,33,23,2161,16,2,3,3,2,0,0.67,0.08,0.75,0.54,0.62
8,Harrison Afful\Harrison-Afful,gh GHA,DFMF,Columbus,28,1986,9,9,758,0,1,0,0,0,0,0,0.12,0.12,0,0.12
9,Juan Agudelo\Juan-Agudelo,us USA,FWMF,New England,22,1992,32,20,1760,7,3,0,0,4,0,0.36,0.15,0.51,0.36,0.51
10,Miguel Aguilar\Miguel-Aguilar,mx MEX,MF,D.C. United,21,1993,17,4,537,0,0,0,0,1,0,0,0,0,0,0
11,Tesho Akindele\Tesho-Akindele,ca CAN,FWMF,FC Dallas,22,1992,28,14,1508,5,1,1,1,2,0,0.3,0.06,0.36,0.24,0.3
12,Fatai Alashe\Fatai-Alashe,us USA,MF,San Jose,21,1993,28,27,2315,2,1,0,0,5,1,0.08,0.04,0.12,0.08,0.12
13,Alex\Alex,br BRA,FWMF,Chicago,26,1988,1,0,9,0,0,0,0,0,0,0,0,0,0,0
14,Alex\Alex,br BRA,FWMF,Houston,26,1988,15,9,821,2,0,0,0,1,0,0.22,0,0.22,0.22,0.22
15,Eric Alexander\Eric-Alexander,us USA,MF,Montreal,26,1988,20,10,879,0,0,0,0,2,0,0,0,0,0,0
16,Jordan Allen\Jordan-Allen,us USA,MF,Real Salt Lake,19,1995,23,11,1088,1,2,0,0,4,1,0.08,0.17,0.25,0.08,0.25
17,Osvaldo Alonso\Osvaldo-Alonso,cu CUB,MF,Seattle,29,1985,22,21,1853,0,0,0,0,7,0,0,0,0,0,0
18,Kevin Alston\Kevin-Alston,us USA,DF,New England,26,1988,16,9,934,0,0,0,0,2,0,0,0,0,0,0
19,Jozy Altidore\Jozy-Altidore,us USA,FW,Toronto FC,25,1989,26,22,1792,13,0,3,3,3,1,0.65,0,0.65,0.5,0.5
20,Carlos Alvarez\Carlos-Alvarez,us USA,MF,Colorado,24,1990,1,0,32,0,0,0,0,0,0,0,0,0,0,0
21,Pablo Álvarez\Pablo-Alvarez,es ESP,MF,NYCFC,34,1980,8,3,247,0,0,0,0,0,0,0,0,0,0,0
22,Quincy Amarikwa\Quincy-Amarikwa,us USA,FWMF,Chicago,27,1987,14,7,739,0,1,0,0,1,0,0,0.12,0.12,0,0.12
23,Quincy Amarikwa\Quincy-Amarikwa,us USA,FWMF,San Jose,27,1987,17,17,1454,6,3,0,0,1,0,0.37,0.19,0.56,0.37,0.56
24,Angeliño\Angelino,es ESP,DFMF,NYCFC,18,1997,14,10,994,0,3,0,0,0,0,0,0.27,0.27,0,0.27
25,Jalil Anibaba\Jalil-Anibaba,us USA,DF,Sporting KC,26,1988,16,14,1265,1,3,0,0,1,0,0.07,0.21,0.28,0.07,0.28
26,Bernardo Añor\Bernardo-Anor,ve VEN,MF,Sporting KC,26,1988,13,4,488,0,0,0,0,2,0,0,0,0,0,0
27,Fernando Aristeguieta\Fernando-Aristeguieta,ve VEN,FW,Philadelphia,22,1992,21,14,1251,5,1,0,0,3,0,0.36,0.07,0.43,0.36,0.43
28,Davy Arnaud\Davy-Arnaud,us USA,FWMF,D.C. United,34,1980,23,21,1916,0,2,0,0,8,0,0,0.09,0.09,0,0.09
29,Jairo Arrieta\Jairo-Arrieta,cr CRC,FW,D.C. United,31,1983,27,15,1265,5,2,0,0,1,0,0.36,0.14,0.5,0.36,0.5
30,Corey Ashe\Corey-Ashe,us USA,DFMF,Orlando City,28,1986,9,8,663,0,2,0,0,0,0,0,0.27,0.27,0,0.27
31,Dairon Asprilla\Dairon-Asprilla,co COL,FWMF,Portland,22,1992,26,10,1017,1,1,0,0,1,0,0.09,0.09,0.18,0.09,0.18
32,Jeff Attinella\Jeff-Attinella,us USA,GK,Real Salt Lake,26,1988,10,10,900,0,0,0,0,0,0,0,0,0,0,0
33,Eric Avila\Eric-Avila,us USA,DFMF,Orlando City,27,1987,21,15,1323,1,2,0,0,1,0,0.07,0.14,0.2,0.07,0.2
34,Eric Ayuk\Eric-Ayuk,cm CMR,MF,Philadelphia,17,1997,28,14,1323,2,2,0,0,3,1,0.14,0.14,0.27,0.14,0.27
35,Micheal Azira\Micheal-Azira,ug UGA,DFMF,Seattle,27,1987,11,8,727,0,0,0,0,2,0,0,0,0,0,0
36,Dominique Badji\Dominique-Badji,sn SEN,FWMF,Colorado,22,1992,15,9,812,2,0,0,0,1,0,0.22,0,0.22,0.22,0.22
37,Mehdi Ballouchy\Mehdi-Ballouchy,ma MAR,MF,NYCFC,31,1983,19,16,1249,3,2,0,0,5,0,0.22,0.14,0.36,0.22,0.36
38,Darrius Barnes\Darrius-Barnes,us USA,DF,New England,28,1986,5,4,392,0,0,0,0,0,0,0,0,0,0,0
39,Giles Barnes\Giles-Barnes,jm JAM,FWMF,Houston,26,1988,28,28,2470,7,3,0,1,5,0,0.26,0.11,0.36,0.26,0.36
40,Tranquillo Barnetta\Tranquillo-Barnetta,ch SUI,MF,Philadelphia,29,1985,11,9,763,1,2,0,0,2,0,0.12,0.24,0.35,0.12,0.35
41,Leandro Barrera\Leandro-Barrera,ar ARG,FW,San Jose,23,1991,6,1,143,0,0,0,0,0,0,0,0,0,0,0
42,Chad Barrett\Chad-Barrett,us USA,FW,Seattle,29,1985,18,9,715,5,0,0,0,1,0,0.63,0,0.63,0.63,0.63
43,Michael Barrios\Michael-Barrios,co COL,FWMF,FC Dallas,23,1991,26,19,1746,7,2,0,0,0,0,0.36,0.1,0.46,0.36,0.46
44,Chad Barson\Chad-Barson,us USA,DF,Columbus,23,1991,10,4,460,0,1,0,0,2,0,0,0.2,0.2,0,0.2
45,DaMarcus Beasley\DaMarcus-Beasley,us USA,DFFW,Houston,32,1982,28,28,2372,1,1,0,0,1,0,0.04,0.04,0.08,0.04,0.08
46,Kyle Beckerman\Kyle-Beckerman,us USA,MF,Real Salt Lake,32,1982,26,26,2334,1,1,0,0,9,0,0.04,0.04,0.08,0.04,0.08
47,Steven Beitashour\Steven-Beitashour,ir IRN,DFMF,Vancouver,27,1987,27,27,2423,0,4,0,0,5,0,0,0.15,0.15,0,0.15
48,Kyle Bekker\Kyle-Bekker,ca CAN,MF,Montreal,24,1990,3,2,165,1,0,0,0,0,0,0.55,0,0.55,0.55,0.55
49,Kyle Bekker\Kyle-Bekker,ca CAN,MF,FC Dallas,24,1990,8,2,316,0,1,0,0,1,0,0,0.28,0.28,0,0.28
50,Tony Beltran\Tony-Beltran,us USA,DF,Real Salt Lake,27,1987,31,31,2772,0,2,0,0,7,0,0,0.06,0.06,0,0.06
51,Joe Bendik\Joe-Bendik,us USA,GK,Toronto FC,25,1989,13,13,1170,0,0,0,0,1,0,0,0,0,0,0
52,Víctor Bernárdez\Victor-Bernardez,hn HON,DF,San Jose,32,1982,29,29,2505,0,0,0,0,6,1,0,0,0,0,0
53,Patrice Bernier\Patrice-Bernier,ca CAN,MF,Montreal,35,1979,20,6,683,0,1,0,0,1,1,0,0.13,0.13,0,0.13
54,Matt Besler\Matt-Besler,us USA,DF,Sporting KC,27,1987,32,32,2829,0,3,0,0,5,1,0,0.1,0.1,0,0.1
55,David Bingham\David-Bingham,us USA,GK,San Jose,25,1989,34,34,3060,0,0,0,0,3,0,0,0,0,0,0
56,Steve Birnbaum\Steve-Birnbaum,us USA,DF,D.C. United,24,1991,22,21,1822,2,0,0,0,5,0,0.1,0,0.1,0.1,0.1
57,Andre Blake\Andre-Blake,jm JAM,GK,Philadelphia,24,1990,6,6,540,0,0,0,0,0,0,0,0,0,0,0
58,Luke Boden\Luke-Boden,eng ENG,DF,Orlando City,26,1988,25,24,2240,1,3,0,0,6,0,0.04,0.12,0.16,0.04,0.16
59,Nat Borchers\Nat-Borchers,us USA,DF,Portland,33,1981,31,31,2790,3,0,0,0,0,0,0.1,0,0.1,0.1,0.1
60,Bobby Boswell\Bobby-Boswell,us USA,DF,D.C. United,31,1983,34,33,2976,2,0,0,0,5,0,0.06,0,0.06,0.06,0.06
61,Michael Bradley\Michael-Bradley,us USA,MF,Toronto FC,27,1987,25,25,2250,5,5,0,0,3,0,0.2,0.2,0.4,0.2,0.4
62,Connor Brandt\Connor-Brandt,us USA,MF,NYCFC,22,1992,1,0,10,0,0,0,0,0,0,0,0,0,0,0
63,Jeb Brovsky\Jeb-Brovsky,us USA,DFMF,NYCFC,26,1988,15,12,1132,0,1,0,0,2,0,0,0.08,0.08,0,0.08
64,Deshorn Brown\Deshorn-Brown,jm JAM,FW,Colorado,24,1990,1,0,3,0,0,0,0,0,0,0,0,0,0,0
65,Will Bruin\Will-Bruin,us USA,FW,Houston,25,1989,33,28,2404,11,0,0,0,2,0,0.41,0,0.41,0.41,0.41
66,Edson Buddle\Edson-Buddle,us USA,FW,LA Galaxy,33,1981,12,1,261,0,0,0,0,1,0,0,0,0,0,0
67,Teal Bunbury\Teal-Bunbury,us USA,FWMF,New England,24,1990,30,20,1787,4,4,0,0,6,0,0.2,0.2,0.4,0.2,0.4
68,Marc Burch\Marc-Burch,us USA,DF,Colorado,30,1984,8,8,720,0,0,0,0,3,0,0,0,0,0,0
69,Bobby Burling\Bobby-Burling,us USA,DF,Colorado,30,1984,21,21,1958,2,0,0,0,9,1,0.09,0,0.09,0.09,0.09
70,Jon Busch\Jon-Busch,us USA,GK,Chicago,38,1976,12,12,1080,0,0,0,0,0,0,0,0,0,0,0
71,Evan Bush\Evan-Bush,us USA,GK,Montreal,28,1986,31,31,2790,0,0,0,0,2,0,0,0,0,0,0
72,Marco Bustos\Marco-Bustos,ca CAN,MF,Vancouver,18,1996,1,0,30,0,0,0,0,0,0,0,0,0,0,0
73,Víctor Cabrera\Victor-Cabrera,ar ARG,DF,Montreal,21,1993,21,20,1729,0,0,0,0,4,0,0,0,0,0,0
74,Scott Caldwell\Scott-Caldwell,us USA,MF,New England,23,1991,34,32,2881,2,4,0,0,3,0,0.06,0.12,0.19,0.06,0.19
75,Steven Caldwell\Steven-Caldwell,sco SCO,DF,Toronto FC,34,1980,2,2,135,0,0,0,0,0,0,0,0,0,0,0
76,Javier Calle\Javier-Calle,co COL,FWMF,NYCFC,23,1991,12,7,541,1,0,0,0,2,0,0.17,0,0.17,0.17,0.17
77,Hassoun Camara\Hassoun-Camara,sn SEN,DF,Montreal,30,1984,9,5,481,0,0,0,0,1,1,0,0,0,0,0
78,Sergio Campbell\Sergio-Campbell,jm JAM,DF,Columbus,23,1992,1,1,90,0,0,0,0,0,0,0,0,0,0,0
79,Servando Carrasco\Servando-Carrasco,us USA,MF,Orlando City,26,1988,12,10,901,0,1,0,0,3,0,0,0.1,0.1,0,0.1
80,Servando Carrasco\Servando-Carrasco,us USA,MF,Sporting KC,26,1988,9,6,508,0,0,0,0,1,0,0,0,0,0,0
81,Fred Carreiro\Fred-Carreiro,br BRA,FWMF,Philadelphia,35,1979,6,0,88,0,0,0,0,1,1,0,0,0,0,0
82,Brian Carroll\Brian-Carroll,us USA,MF,Philadelphia,33,1981,22,21,1817,0,0,0,0,2,0,0,0,0,0,0
83,Conor Casey\Conor-Casey,us USA,FW,Philadelphia,33,1981,14,2,351,3,0,0,0,2,0,0.77,0,0.77,0.77,0.77
84,Fabián Castillo\Fabian-Castillo,co COL,FWMF,FC Dallas,22,1992,30,28,2553,9,8,0,0,1,0,0.32,0.28,0.6,0.32,0.6
85,Cordell Cato\Cordell-Cato,tt TRI,DFFW,San Jose,22,1992,28,18,1820,3,2,0,0,0,0,0.15,0.1,0.25,0.15,0.25
86,Darwin Cerén\Darwin-Ceren,sv SLV,MF,Orlando City,25,1989,26,25,2254,2,2,0,0,6,0,0.08,0.08,0.16,0.08,0.16
87,Jay Chapman\Jay-Chapman,ca CAN,MF,Toronto FC,21,1994,10,1,208,0,0,0,0,0,0,0,0,0,0,0
88,Diego Chará\Diego-Chara,co COL,MF,Portland,28,1986,28,28,2479,2,0,0,0,8,1,0.07,0,0.07,0.07,0.07
89,Benoît Cheyrou\Benoit-Cheyrou,fr FRA,MF,Toronto FC,33,1981,28,28,2403,1,6,0,0,5,0,0.04,0.22,0.26,0.04,0.26
90,Laurent Ciman\Laurent-Ciman,be BEL,DF,Montreal,29,1985,27,27,2406,2,2,0,0,9,3,0.07,0.07,0.15,0.07,0.15
91,Ezequiel Cirigliano\Ezequiel-Cirigliano,ar ARG,MF,FC Dallas,23,1992,7,5,431,0,0,0,0,0,0,0,0,0,0,0
92,Ricardo Clark\Ricardo-Clark,us USA,MF,Houston,31,1983,30,30,2567,8,1,0,0,5,0,0.28,0.04,0.32,0.28,0.32
93,Steve Clark\Steve-Clark,us USA,GK,Columbus,28,1986,34,34,3060,0,0,0,0,2,0,0,0,0,0,0
94,Greg Cochrane\Greg-Cochrane,us USA,DF,Chicago,24,1990,4,4,333,0,0,0,0,0,0,0,0,0,0,0
95,Răzvan Cociș\Razvan-Cocis,ro ROU,MF,Chicago,31,1983,26,22,2004,2,3,0,0,2,0,0.09,0.13,0.22,0.09,0.22
96,Aurélien Collin\Aurelien-Collin,fr FRA,DF,Orlando City,28,1986,28,27,2406,2,1,0,0,3,1,0.07,0.04,0.11,0.07,0.11
97,Kenny Cooper\Kenny-Cooper,us USA,FW,Montreal,30,1984,1,0,5,0,0,0,0,0,0,0,0,0,0,0
98,Facundo Coria\Facundo-Coria,ar ARG,MF,D.C. United,27,1987,7,1,136,0,1,0,0,1,0,0,0.66,0.66,0,0.66
99,Coy Craft\Coy-Craft,us USA,FWMF,FC Dallas,17,1997,2,1,67,0,0,0,0,0,0,0,0,0,0,0
100,Andy Craven\Andy-Craven,us USA,FW,Seattle,23,1992,3,0,70,0,0,0,0,1,0,0,0,0,0,0
101,Warren Creavalle\Warren-Creavalle,us USA,DFMF,Toronto FC,24,1990,14,8,731,1,0,0,0,3,1,0.12,0,0.12,0.12,0.12
102,Warren Creavalle\Warren-Creavalle,us USA,DFMF,Philadelphia,24,1990,5,2,167,0,0,0,0,1,0,0,0,0,0,0
103,Sam Cronin\Sam-Cronin,us USA,MF,Colorado,28,1986,26,24,2138,1,0,0,0,9,1,0.04,0,0.04,0.04,0.04
104,Daneil Cyrus\Daneil-Cyrus,tt TRI,DF,Chicago,24,1990,6,5,520,0,0,0,0,1,0,0,0,0,0,0
105,Charlie Davies\Charlie-Davies,us USA,FW,New England,28,1986,33,25,2154,10,3,0,0,1,0,0.42,0.13,0.54,0.42,0.54
106,Brad Davis\Brad-Davis,us USA,MF,Houston,33,1981,30,29,2592,4,10,2,2,2,0,0.14,0.35,0.49,0.07,0.42
107,Sean Davis\Sean-Davis,us USA,MF,NY Red Bulls,21,1993,14,4,438,0,1,0,0,0,0,0,0.21,0.21,0,0.21
108,Christian Dean\Christian-Dean,us USA,DF,Vancouver,21,1993,5,3,293,0,0,0,0,1,0,0,0,0,0,0
109,A.J. DeLaGarza\AJ-DeLaGarza,gu GUM,DF,LA Galaxy,27,1987,24,22,1959,0,1,0,0,4,0,0,0.05,0.05,0,0.05
110,Nick DeLeon\Nick-DeLeon,us USA,DFMF,D.C. United,24,1990,29,25,2217,2,5,0,0,1,0,0.08,0.2,0.28,0.08,0.28
111,Marky Delgado\Marky-Delgado,us USA,MF,Toronto FC,19,1995,20,19,1696,3,2,0,0,3,0,0.16,0.11,0.27,0.16,0.27
112,Clint Dempsey\Clint-Dempsey,us USA,FWMF,Seattle,31,1983,20,20,1737,10,9,1,1,1,0,0.52,0.47,0.98,0.47,0.93
113,Tyler Deric\Tyler-Deric,us USA,GK,Houston,26,1988,31,31,2790,0,0,0,0,2,0,0,0,0,0,0
114,Amadou Dia\Amadou-Dia,us USA,DF,Sporting KC,21,1993,22,13,1323,0,1,0,0,2,0,0,0.07,0.07,0,0.07
115,Mauro Díaz\Mauro-Diaz,ar ARG,MF,FC Dallas,23,1991,24,24,1978,8,10,3,3,3,0,0.36,0.46,0.82,0.23,0.68
116,Bright Dike\Bright-Dike,ng NGA,FW,Toronto FC,27,1987,2,0,22,0,1,0,0,0,0,0,4.09,4.09,0,4.09
117,Mix Diskerud\Mix-Diskerud,us USA,DFMF,NYCFC,24,1990,27,23,2070,3,1,0,0,3,0,0.13,0.04,0.17,0.13,0.17
118,Marco Donadel\Marco-Donadel,it ITA,MF,Montreal,31,1983,25,24,1995,1,5,0,0,13,2,0.05,0.23,0.27,0.05,0.27
119,Conor Donovan\Conor-Donovan,us USA,DF,Orlando City,19,1996,1,1,13,0,0,0,0,0,0,0,0,0,0,0
120,Patrick Doody\Patrick-Doody,us USA,DF,Chicago,22,1992,7,6,559,0,1,0,0,1,0,0,0.16,0.16,0,0.16
121,Andy Dorman\Andy-Dorman,wal WAL,MF,New England,32,1982,18,12,1125,1,0,0,0,8,0,0.08,0,0.08,0.08,0.08
122,Giovani dos Santos\Giovani-dos-Santos,mx MEX,FWMF,LA Galaxy,25,1989,10,10,799,3,5,0,0,0,0,0.34,0.56,0.9,0.34,0.9
123,Conor Doyle\Conor-Doyle,ie IRL,FW,D.C. United,23,1991,25,10,1151,2,0,0,0,4,0,0.16,0,0.16,0.16,0.16
124,Kevin Doyle\Kevin-Doyle,ie IRL,FW,Colorado,31,1983,20,16,1526,5,2,0,0,3,0,0.29,0.12,0.41,0.29,0.41
125,Didier Drogba\Didier-Drogba,ci CIV,FW,Montreal,36,1978,11,9,872,11,1,1,1,1,0,1.14,0.1,1.24,1.03,1.14
126,Dilly Duka\Dilly-Duka,us USA,MF,Montreal,25,1989,27,19,1786,2,2,0,0,1,0,0.1,0.1,0.2,0.1,0.2
127,Todd Dunivant\Todd-Dunivant,us USA,DF,LA Galaxy,34,1980,2,1,67,0,0,0,0,0,0,0,0,0,0,0
128,Matt Dunn\Matt-Dunn,us USA,MF,NYCFC,21,1994,1,0,53,0,0,0,0,0,0,0,0,0,0,0
129,Chris Duvall\Chris-Duvall,us USA,DF,NY Red Bulls,23,1991,15,14,1284,1,1,0,0,3,0,0.07,0.07,0.14,0.07,0.14
130,Dom Dwyer\Dom-Dwyer,us USA,FW,Sporting KC,24,1990,30,28,2547,12,2,0,1,8,1,0.42,0.07,0.49,0.42,0.49
131,Andrew Dykstra\Andrew-Dykstra,us USA,GK,D.C. United,29,1986,9,9,777,0,0,0,0,0,0,0,0,0,0,0
132,Robert Earnshaw\Robert-Earnshaw,wal WAL,FW,Vancouver,33,1981,9,0,49,2,0,0,0,0,0,3.67,0,3.67,3.67,3.67
133,Maurice Edu\Maurice-Edu,us USA,DFMF,Philadelphia,28,1986,22,22,1980,1,1,0,1,7,0,0.05,0.05,0.09,0.05,0.09
134,Kevin Ellis\Kevin-Ellis,us USA,DF,Sporting KC,23,1991,27,26,2335,4,0,0,0,5,0,0.15,0,0.15,0.15,0.15
135,Charles Eloundou\Charles-Eloundou,cm CMR,FW,Colorado,20,1994,11,3,348,0,2,0,0,0,0,0,0.52,0.52,0,0.52
136,Innocent Emeghara\Innocent-Emeghara,ch SUI,FW,San Jose,25,1989,7,6,493,1,0,0,0,3,0,0.18,0,0.18,0.18,0.18
137,Rolando Escobar\Rolando-Escobar,pa PAN,MF,FC Dallas,33,1981,14,2,407,0,0,0,0,0,0,0,0,0,0,0
138,Fabián Espíndola\Fabian-Espindola,ar ARG,FW,D.C. United,29,1985,17,15,1346,5,7,0,0,2,1,0.33,0.47,0.8,0.33,0.8
139,Roger Espinoza\Roger-Espinoza,hn HON,DFMF,Sporting KC,28,1986,17,17,1482,1,4,0,0,3,0,0.06,0.24,0.3,0.06,0.3
140,Brad Evans\Brad-Evans,us USA,DFFW,Seattle,29,1985,28,27,2342,1,1,1,1,4,0,0.04,0.04,0.08,0,0.04
141,Fabinho\Fabinho,br BRA,DF,Philadelphia,29,1985,26,23,2105,1,2,0,0,3,0,0.04,0.09,0.13,0.04,0.13
142,Shay Facey\Shay-Facey,eng ENG,DF,NYCFC,20,1995,23,20,1820,0,0,0,0,6,1,0,0,0,0,0
143,Diego Fagúndez\Diego-Fagundez,uy URU,FWMF,New England,19,1995,30,19,1738,6,3,0,0,3,0,0.31,0.16,0.47,0.31,0.47
144,Michael Farfan\Michael-Farfan,us USA,MF,D.C. United,26,1988,17,7,664,0,1,0,0,1,0,0,0.14,0.14,0,0.14
145,Andrew Farrell\Andrew-Farrell,us USA,DF,New England,22,1992,32,32,2819,0,0,0,0,3,1,0,0,0,0,0
146,Benny Feilhaber\Benny-Feilhaber,us USA,MF,Sporting KC,30,1985,32,30,2728,10,13,5,5,8,1,0.33,0.43,0.76,0.16,0.59
147,Felipe\Felipe,br BRA,MF,NY Red Bulls,24,1990,34,34,2917,3,3,0,0,5,0,0.09,0.09,0.19,0.09,0.19
148,Collin Fernandez\Collin-Fernandez,us USA,MF,Chicago,17,1997,1,0,7,0,0,0,0,0,0,0,0,0,0,0
149,Gastón Fernández\Gaston-Fernandez,ar ARG,FWMF,Portland,31,1983,21,6,730,2,1,1,1,0,0,0.25,0.12,0.37,0.12,0.25
150,Maynor Figueroa\Maynor-Figueroa,hn HON,DF,Colorado,31,1983,10,10,900,1,0,0,0,3,0,0.1,0,0.1,0.1,0.1
151,Robbie Findley\Robbie-Findley,us USA,FW,Toronto FC,29,1985,25,18,1471,2,2,0,0,2,0,0.12,0.12,0.24,0.12,0.24
152,Ethan Finlay\Ethan-Finlay,us USA,FWMF,Columbus,24,1990,34,34,2777,12,12,0,0,0,0,0.39,0.39,0.78,0.39,0.78
153,Oniel Fisher\Oniel-Fisher,jm JAM,DFMF,Seattle,23,1991,12,9,867,0,0,0,0,4,0,0,0,0,0,0
154,Deybi Flores\Deybi-Flores,hn HON,MF,Vancouver,18,1996,9,5,447,0,0,0,0,1,0,0,0,0,0,0
155,George Fochive\George-Fochive,us USA,MF,Portland,22,1992,11,8,683,0,1,0,0,2,0,0,0.13,0.13,0,0.13
156,Josh Ford\Josh-Ford,us USA,GK,Orlando City,27,1987,2,2,173,0,0,0,0,0,0,0,0,0,0,0
157,Shaun Francis\Shaun-Francis,jm JAM,DF,San Jose,28,1986,23,18,1655,0,1,0,0,3,0,0,0.05,0.05,0,0.05
158,Waylon Francis\Waylon-Francis,cr CRC,DF,Columbus,24,1990,28,28,2406,0,6,0,0,5,0,0,0.22,0.22,0,0.22
159,Sean Franklin\Sean-Franklin,us USA,DF,D.C. United,29,1985,24,23,2090,1,0,0,0,4,0,0.04,0,0.04,0.04,0.04
160,Stefan Frei\Stefan-Frei,ch SUI,GK,Seattle,28,1986,31,30,2746,0,0,0,0,1,0,0,0,0,0,0
161,Erik Friberg\Erik-Friberg,se SWE,MF,Seattle,28,1986,13,11,947,0,1,0,0,3,0,0,0.1,0.1,0,0.1
162,Kianz Froese\Kianz-Froese,ca CAN,MF,Vancouver,18,1996,9,1,212,1,0,0,0,2,0,0.42,0,0.42,0.42,0.42
163,Mike Fucito\Mike-Fucito,us USA,FWMF,San Jose,28,1986,2,0,8,0,0,0,0,0,0,0,0,0,0,0
164,Ray Gaddis\Ray-Gaddis,us USA,DF,Philadelphia,25,1990,28,27,2398,0,0,0,0,3,0,0,0,0,0,0
165,Jérémy Gagnon-Laparé\Jeremy-Gagnon-Lapare,ca CAN,DFMF,Montreal,19,1995,2,0,20,0,0,0,0,0,0,0,0,0,0,0
166,Boniek García\Boniek-Garcia,hn HON,DFMF,Houston,30,1984,23,16,1455,3,4,0,1,2,1,0.19,0.25,0.43,0.19,0.43
167,Matías García\Matias-Garcia,ar ARG,MF,San Jose,32,1983,27,25,2018,2,7,0,0,2,2,0.09,0.31,0.4,0.09,0.4
168,Olmes García\Olmes-Garcia,co COL,FW,Real Salt Lake,22,1992,33,15,1550,2,1,0,0,4,0,0.12,0.06,0.17,0.12,0.17
169,Rafael Garcia\Rafael-Garcia,us USA,MF,LA Galaxy,26,1988,10,4,339,0,0,0,0,1,0,0,0,0,0,0
170,Dan Gargan\Dan-Gargan,us USA,DF,LA Galaxy,32,1982,25,20,1783,0,0,0,0,6,0,0,0,0,0,0
171,Luis Garrido\Luis-Garrido,hn HON,FWMF,Houston,24,1990,29,21,1986,0,0,0,0,10,0,0,0,0,0,0
172,Eric Gehrig\Eric-Gehrig,us USA,DFMF,Chicago,27,1987,25,25,2212,0,1,0,0,5,0,0,0.04,0.04,0,0.04
173,Kevan George\Kevan-George,tt TRI,MF,Columbus,25,1990,6,2,282,0,0,0,0,3,0,0,0,0,0,0
174,Steven Gerrard\Steven-Gerrard,eng ENG,MF,LA Galaxy,34,1980,13,13,1162,2,3,0,0,0,0,0.15,0.23,0.39,0.15,0.39
175,Luis Gil\Luis-Gil,us USA,MF,Real Salt Lake,21,1993,24,16,1478,1,1,0,0,1,0,0.06,0.06,0.12,0.06,0.12
176,Gilberto\Gilberto,br BRA,FW,Chicago,25,1989,10,8,679,5,2,0,0,2,0,0.66,0.27,0.93,0.66,0.93
177,Sebastian Giovinco\Sebastian-Giovinco,it ITA,FWMF,Toronto FC,28,1987,33,32,2749,22,13,3,4,4,1,0.72,0.43,1.15,0.62,1.05
178,Justen Glad\Justen-Glad,us USA,DF,Real Salt Lake,17,1997,7,6,550,0,0,0,0,3,0,0,0,0,0,0
179,Aníbal Godoy\Anibal-Godoy,pa PAN,MF,San Jose,24,1990,10,10,893,2,0,0,0,5,0,0.2,0,0.2,0.2,0.2
180,Hérculez Gómez\Herculez-Gomez,us USA,FW,Toronto FC,32,1982,7,2,226,1,0,0,0,0,0,0.4,0,0.4,0.4,0.4
181,José Gonçalves\Jose-Goncalves,pt POR,DF,New England,29,1985,29,28,2483,1,1,0,0,4,1,0.04,0.04,0.07,0.04,0.07
182,Jesse Gonzalez\Jesse-Gonzalez,mx MEX,GK,FC Dallas,19,1995,11,11,990,0,0,0,0,2,0,0,0,0,0,0
183,Leonardo González\Leonardo-Gonzalez,cr CRC,DF,Seattle,34,1980,16,8,717,1,1,0,0,1,0,0.13,0.13,0.25,0.13,0.25
184,Omar Gonzalez\Omar-Gonzalez,us USA,DF,LA Galaxy,26,1988,30,29,2578,1,2,0,0,3,0,0.03,0.07,0.1,0.03,0.1
185,Clarence Goodson\Clarence-Goodson,us USA,DF,San Jose,32,1982,28,28,2397,2,2,0,0,7,0,0.08,0.08,0.15,0.08,0.15
186,Alan Gordon\Alan-Gordon,us USA,FW,LA Galaxy,33,1981,29,7,992,5,0,0,0,7,0,0.45,0,0.45,0.45,0.45
187,Ned Grabavoy\Ned-Grabavoy,us USA,MF,NYCFC,31,1983,26,22,1883,2,2,0,0,2,1,0.1,0.1,0.19,0.1,0.19
188,Hernán Grana\Hernan-Grana,ar ARG,DF,Columbus,29,1985,7,7,596,0,0,0,0,1,0,0,0,0,0,0
189,Joseph Greenspan\Joseph-Greenspan,us USA,DF,Colorado,22,1992,3,2,186,0,0,0,0,1,0,0,0,0,0,0
190,Mike Grella\Mike-Grella,us USA,FWMF,NY Red Bulls,28,1987,33,30,2347,9,7,0,0,3,0,0.35,0.27,0.61,0.35,0.61
191,Nick Hagglund\Nick-Hagglund,us USA,DF,Toronto FC,22,1992,12,8,790,0,1,0,0,4,0,0,0.11,0.11,0,0.11
192,Marlon Hairston\Marlon-Hairston,us USA,DFMF,Colorado,20,1994,3,3,270,0,0,0,0,0,0,0,0,0,0,0
193,Jeremy Hall\Jeremy-Hall,pr PUR,DFMF,New England,26,1988,12,11,998,0,0,0,0,2,0,0,0,0,0,0
194,Tally Hall\Tally-Hall,us USA,GK,Orlando City,29,1985,23,22,1987,0,0,0,0,2,0,0,0,0,0,0
195,Connor Hallisey\Connor-Hallisey,us USA,MF,Sporting KC,21,1993,13,6,520,0,1,0,0,0,0,0,0.17,0.17,0,0.17
196,Markus Halsti\Markus-Halsti,fi FIN,DFMF,D.C. United,30,1984,14,12,944,0,0,0,0,1,0,0,0,0,0,0
197,Bill Hamid\Bill-Hamid,us USA,GK,D.C. United,24,1990,25,25,2250,0,0,0,0,0,0,0,0,0,0,0
198,Jordan Hamilton\Jordan-Hamilton,ca CAN,FW,Toronto FC,18,1996,2,0,15,0,0,0,0,0,0,0,0,0,0,0
199,Ty Harden\Ty-Harden,us USA,DF,Chicago,30,1984,3,3,270,0,0,0,0,2,0,0,0,0,0,0
200,Ty Harden\Ty-Harden,us USA,DF,San Jose,30,1984,2,1,124,1,0,0,0,0,0,0.73,0,0.73,0.73,0.73
201,Michael Harrington\Michael-Harrington,us USA,DFMF,Colorado,29,1986,14,14,1260,0,1,0,0,2,0,0,0.07,0.07,0,0.07
202,Atiba Harris\Atiba-Harris,kn SKN,DFFW,FC Dallas,30,1985,27,20,1850,2,1,0,0,8,0,0.1,0.05,0.15,0.1,0.15
203,Jordan Harvey\Jordan-Harvey,us USA,DF,Vancouver,31,1984,26,25,2251,0,1,0,0,4,1,0,0.04,0.04,0,0.04
204,Harrison Heath\Harrison-Heath,us USA,MF,Orlando City,18,1996,3,2,136,0,0,0,0,0,0,0,0,0,0,0
205,Matt Hedges\Matt-Hedges,us USA,DF,FC Dallas,24,1990,31,30,2674,1,1,0,0,4,0,0.03,0.03,0.07,0.03,0.07
206,Jason Hernandez\Jason-Hernandez,pr PUR,DF,NYCFC,31,1983,26,26,2295,0,0,0,0,8,0,0,0,0,0,0
207,Moises Hernandez\Moises-Hernandez,gt GUA,DF,FC Dallas,22,1992,14,11,970,0,1,0,0,2,0,0,0.09,0.09,0,0.09
208,Federico Higuaín\Federico-Higuain,ar ARG,FWMF,Columbus,30,1984,32,32,2716,8,8,1,2,6,1,0.27,0.27,0.53,0.23,0.5
209,Cristian Higuita\Cristian-Higuita,co COL,MF,Orlando City,21,1994,26,25,2223,1,2,0,0,10,1,0.04,0.08,0.12,0.04,0.12
210,Seb Hines\Seb-Hines,eng ENG,DFMF,Orlando City,26,1988,23,21,1925,1,0,0,0,2,0,0.05,0,0.05,0.05,0.05
211,Chandler Hoffman\Chandler-Hoffman,us USA,FW,Houston,24,1990,5,0,32,0,0,0,0,0,0,0,0,0,0,0
212,Ryan Hollingshead\Ryan-Hollingshead,us USA,DFMF,FC Dallas,23,1991,33,25,2165,2,2,0,0,4,0,0.08,0.08,0.17,0.08,0.17
213,Antoine Hoppenot\Antoine-Hoppenot,us USA,FWMF,Philadelphia,24,1990,1,0,5,0,0,0,0,0,0,0,0,0,0,0
214,David Horst\David-Horst,us USA,DF,Houston,29,1985,32,28,2605,0,1,0,0,3,0,0,0.03,0.03,0,0.03
215,Taylor Hunter\Taylor-Hunter,us USA,DF,Houston,21,1993,1,1,90,0,0,0,0,0,0,0,0,0,0,0
216,Erik Hurtado\Erik-Hurtado,us USA,FW,Vancouver,24,1990,9,1,187,0,0,0,0,0,0,0,0,0,0,0
217,Baggio Husidić\Baggio-Husidic,ba BIH,MF,LA Galaxy,27,1987,24,21,1923,2,5,0,0,4,0,0.09,0.23,0.33,0.09,0.33
218,Kennedy Igboananike\Kennedy-Igboananike,ng NGA,FW,Chicago,25,1989,31,20,1796,7,3,0,0,4,0,0.35,0.15,0.5,0.35,0.5
219,Andoni Iraola\Andoni-Iraola,es ESP,DFMF,NYCFC,32,1982,9,8,759,0,1,0,0,2,0,0,0.12,0.12,0,0.12
220,Clint Irwin\Clint-Irwin,us USA,GK,Colorado,25,1989,31,31,2790,0,0,0,0,1,0,0,0,0,0,0
221,Stefan Ishizaki\Stefan-Ishizaki,se SWE,MF,LA Galaxy,32,1982,20,19,1624,1,5,0,0,3,0,0.06,0.28,0.33,0.06,0.33
222,Andreas Ivanschitz\Andreas-Ivanschitz,at AUT,MF,Seattle,31,1983,6,5,436,1,1,0,0,1,0,0.21,0.21,0.41,0.21,0.41
223,R. J. Allen\R-J-Allen,us USA,DF,NYCFC,24,1990,14,13,1054,0,1,0,0,5,1,0,0.09,0.09,0,0.09
224,A. J. Cochran\A-J-Cochran,us USA,DF,Houston,21,1993,7,5,513,0,0,0,0,0,0,0,0,0,0,0
225,J. J. Koval\J-J-Koval,us USA,MF,San Jose,22,1992,17,7,742,0,0,0,0,0,1,0,0,0,0,0
226,Jackson\Jackson,br BRA,DFMF,Toronto FC,26,1988,26,14,1380,1,1,0,0,2,0,0.07,0.07,0.13,0.07,0.13
227,Anthony Jackson-Hamel\Anthony-Jackson-Hamel,ca CAN,FW,Montreal,21,1993,8,0,163,0,0,0,0,0,0,0,0,0,0,0
228,Andrew Jacobson\Andrew-Jacobson,us USA,MF,NYCFC,29,1985,33,33,2833,1,2,0,0,5,1,0.03,0.06,0.1,0.03,0.1
229,Thomas Jaguaribe\Thomas-Jaguaribe,br BRA,FWMF,Seattle,21,1993,11,7,544,1,1,0,0,1,0,0.17,0.17,0.33,0.17,0.33
230,Adam Jahn\Adam-Jahn,us USA,FW,San Jose,24,1991,26,9,1019,1,1,0,0,1,1,0.09,0.09,0.18,0.09,0.18
231,Sebastián Jaime\Sebastian-Jaime,ar ARG,FWMF,Real Salt Lake,28,1987,20,17,1256,5,1,0,0,2,1,0.36,0.07,0.43,0.36,0.43
232,Bradford Jamieson IV\Bradford-Jamieson-IV,us USA,FWMF,LA Galaxy,18,1996,7,6,457,1,0,0,0,1,0,0.2,0,0.2,0.2,0.2
233,Jeanderson\Jeanderson,br BRA,DF,Portland,23,1991,3,1,92,0,0,0,0,0,0,0,0,0,0,0
234,Jared Jeffrey\Jared-Jeffrey,us USA,MF,D.C. United,24,1990,2,1,61,0,0,0,0,1,0,0,0,0,0,0
235,Jack Jewsbury\Jack-Jewsbury,us USA,DFMF,Portland,33,1981,26,18,1722,3,0,0,0,2,0,0.16,0,0.16,0.16,0.16
236,Hector Jiménez\Hector-Jimenez,us USA,DFMF,Columbus,26,1988,23,12,1117,0,3,0,0,3,0,0,0.24,0.24,0,0.24
237,Jason Johnson\Jason-Johnson,jm JAM,FWMF,Chicago,24,1990,20,5,622,2,2,0,0,1,1,0.29,0.29,0.58,0.29,0.58
238,Sean Johnson\Sean-Johnson,us USA,GK,Chicago,25,1989,21,21,1890,0,0,0,0,1,0,0,0,0,0,0
239,Will Johnson\Will-Johnson,ca CAN,FWMF,Portland,28,1987,12,12,1043,0,0,0,0,1,1,0,0,0,0,0
240,Darwin Jones\Darwin-Jones,us USA,FWMF,Seattle,22,1992,9,0,116,0,0,0,0,0,0,0,0,0,0,0
241,Jermaine Jones\Jermaine-Jones,us USA,MF,New England,33,1981,18,17,1308,0,0,0,0,6,0,0,0,0,0,0
242,Joevin Jones\Joevin-Jones,tt TRI,DFMF,Chicago,23,1991,28,26,2256,1,1,0,0,2,0,0.04,0.04,0.08,0.04,0.08
243,Marcel de Jong\Marcel-de-Jong,ca CAN,DFMF,Sporting KC,28,1986,13,11,843,1,1,0,0,1,0,0.11,0.11,0.21,0.11,0.21
244,Vitor Junior\Vitor-Junior,br BRA,MF,LA Galaxy,26,1989,34,32,2852,4,5,1,2,5,0,0.13,0.16,0.28,0.09,0.25
245,Pa-Modou Kah\Pa-Modou-Kah,no NOR,DFMF,Vancouver,34,1980,25,24,2163,3,2,0,0,6,0,0.12,0.08,0.21,0.12,0.21
246,Kaká\Kaka,br BRA,FWMF,Orlando City,32,1982,28,28,2436,9,6,4,5,5,1,0.33,0.22,0.55,0.18,0.41
247,Kei Kamara\Kei-Kamara,sl SLE,FW,Columbus,30,1984,32,31,2757,22,8,0,0,6,0,0.72,0.26,0.98,0.72,0.98
248,Alec Kann\Alec-Kann,us USA,GK,Chicago,24,1990,1,1,90,0,0,0,0,0,0,0,0,0,0,0
249,Ahmed Kantari\Ahmed-Kantari,ma MAR,DF,Toronto FC,29,1985,12,10,953,0,0,0,0,3,0,0,0,0,0,0
250,Phanuel Kavita\Phanuel-Kavita,us USA,DF,Real Salt Lake,21,1993,2,2,180,0,0,0,0,1,0,0,0,0,0,0
251,Robbie Keane\Robbie-Keane,ie IRL,FW,LA Galaxy,34,1980,24,22,2060,20,7,4,4,1,0,0.87,0.31,1.18,0.7,1
252,Taylor Kemp\Taylor-Kemp,us USA,DF,D.C. United,24,1990,27,25,2261,1,6,0,0,6,0,0.04,0.24,0.28,0.04,0.28
253,Jon Kempin\Jon-Kempin,us USA,GK,Sporting KC,21,1993,3,3,270,0,0,0,0,0,0,0,0,0,0,0
254,Dan Kennedy\Dan-Kennedy,us USA,GK,FC Dallas,32,1982,16,16,1440,0,0,0,0,3,0,0,0,0,0,0
255,Perry Kitchen\Perry-Kitchen,us USA,DFMF,D.C. United,22,1992,33,31,2833,3,1,0,0,6,0,0.1,0.03,0.13,0.1,0.13
256,Sacha Kljestan\Sacha-Kljestan,us USA,MF,NY Red Bulls,29,1985,33,33,2837,8,11,5,6,4,1,0.25,0.35,0.6,0.1,0.44
257,Chris Klute\Chris-Klute,us USA,DF,Columbus,24,1990,14,8,833,0,0,0,0,3,0,0,0,0,0,0
258,Brad Knighton\Brad-Knighton,us USA,GK,New England,29,1985,3,3,270,0,0,0,0,0,0,0,0,0,0,0
259,Daigo Kobayashi\Daigo-Kobayashi,jp JPN,MF,New England,31,1983,21,11,1127,0,1,0,0,0,0,0,0.08,0.08,0,0.08
260,Gershon Koffie\Gershon-Koffie,gh GHA,MF,Vancouver,23,1991,28,22,2001,1,1,0,0,7,0,0.04,0.04,0.09,0.04,0.09
261,Chris Konopka\Chris-Konopka,us USA,GK,Toronto FC,29,1985,21,21,1890,0,0,0,0,2,0,0,0,0,0,0
262,Chris Korb\Chris-Korb,us USA,DF,D.C. United,27,1987,18,17,1444,0,1,0,0,1,0,0,0.06,0.06,0,0.06
263,Aaron Kovar\Aaron-Kovar,us USA,MF,Seattle,21,1993,6,2,202,0,0,0,0,0,0,0,0,0,0,0
264,Eric Kronberg\Eric-Kronberg,us USA,GK,Montreal,31,1983,3,3,270,0,0,0,0,1,0,0,0,0,0,0
265,Matías Laba\Matias-Laba,ar ARG,MF,Vancouver,23,1991,30,30,2532,1,1,0,0,6,2,0.04,0.04,0.07,0.04,0.07
266,Nick LaBrocca\Nick-LaBrocca,us USA,DFMF,Colorado,30,1984,13,6,628,1,0,0,0,2,0,0.14,0,0.14,0.14,0.14
267,Connor Lade\Connor-Lade,us USA,DFMF,NY Red Bulls,25,1989,18,16,1433,0,0,0,0,6,0,0,0,0,0,0
268,Michael Lahoud\Michael-Lahoud,sl SLE,MF,Philadelphia,28,1986,19,14,1233,0,0,0,0,2,0,0,0,0,0,0
269,Frank Lampard\Frank-Lampard,eng ENG,MF,NYCFC,36,1978,10,9,729,3,1,0,0,0,0,0.37,0.12,0.49,0.37,0.49
270,Jeff Larentowicz\Jeff-Larentowicz,us USA,DFMF,Chicago,31,1983,29,29,2610,6,0,5,6,5,0,0.21,0,0.21,0.03,0.03
271,Cyle Larin\Cyle-Larin,ca CAN,FW,Orlando City,19,1995,27,24,1891,17,0,0,0,0,1,0.81,0,0.81,0.81,0.81
272,Adam Larsen Kwarasey\Adam-Larsen-Kwarasey,gh GHA,GK,Portland,27,1987,33,33,2970,0,0,0,0,1,0,0,0,0,0,0
273,Ariel Lassiter\Ariel-Lassiter,cr CRC,FWMF,LA Galaxy,20,1994,1,0,20,0,0,0,0,0,0,0,0,0,0,0
274,Kemar Lawrence\Kemar-Lawrence,jm JAM,DF,NY Red Bulls,22,1992,23,23,1997,1,3,0,0,2,0,0.05,0.14,0.18,0.05,0.18
275,Sébastien Le Toux\Sebastien-Le-Toux,fr FRA,FWMF,Philadelphia,31,1984,31,26,2375,8,5,1,1,4,0,0.3,0.19,0.49,0.27,0.45
276,Raymond Lee\Raymond-Lee,us USA,DF,Philadelphia,21,1993,1,0,13,0,0,0,0,0,0,0,0,0,0,0
277,Wandrille Lefèvre\Wandrille-Lefevre,ca CAN,DFMF,Montreal,25,1989,11,11,990,2,0,0,0,0,0,0.18,0,0.18,0.18,0.18
278,Leonardo\Leonardo,br BRA,DF,LA Galaxy,26,1988,26,26,2263,0,0,0,0,2,1,0,0,0,0,0
279,Sebastian Lletget\Sebastian-Lletget,us USA,MF,LA Galaxy,22,1992,20,17,1442,7,2,0,0,0,0,0.44,0.12,0.56,0.44,0.56
280,Alexander López\Alexander-Lopez,hn HON,MF,Houston,22,1992,16,12,942,0,2,0,0,1,0,0,0.19,0.19,0,0.19
281,Mikey Lopez\Mikey-Lopez,us USA,DFMF,Sporting KC,21,1993,6,5,481,0,0,0,0,1,0,0,0,0,0,0
282,Rob Lovejoy\Rob-Lovejoy,us USA,FW,Houston,23,1991,17,2,348,1,1,0,0,0,0,0.26,0.26,0.52,0.26,0.52
283,Daniel Lovitz\Daniel-Lovitz,us USA,DFMF,Toronto FC,23,1991,11,3,357,0,1,0,0,0,0,0,0.25,0.25,0,0.25
284,Zach Loyd\Zach-Loyd,us USA,DF,FC Dallas,27,1987,28,28,2394,0,0,0,0,2,1,0,0,0,0,0
285,Raïs M'Bolhi\Rais-MBolhi,dz ALG,GK,Philadelphia,28,1986,5,5,450,0,0,0,0,0,0,0,0,0,0,0
286,Cedrick Mabwati\Cedrick-Mabwati,cd COD,FWMF,Columbus,22,1992,9,1,238,1,0,0,0,0,0,0.38,0,0.38,0.38,0.38
287,Zac MacMath\Zac-MacMath,us USA,GK,Colorado,23,1991,3,3,270,0,0,0,0,1,0,0,0,0,0,0
288,Ignacio Maganto\Ignacio-Maganto,es ESP,MF,LA Galaxy,23,1992,13,6,527,1,2,0,0,0,0,0.17,0.34,0.51,0.17,0.51
289,Mike Magee\Mike-Magee,us USA,FWMF,Chicago,30,1984,12,3,367,0,2,0,0,0,0,0,0.49,0.49,0,0.49
290,Cristian Maidana\Cristian-Maidana,ar ARG,MF,Philadelphia,28,1987,28,25,2115,1,14,0,0,1,1,0.04,0.6,0.64,0.04,0.64
291,Calum Mallace\Calum-Mallace,sco SCO,DFMF,Montreal,25,1990,26,21,1803,0,2,0,0,3,0,0,0.1,0.1,0,0.1
292,Shaun Maloney\Shaun-Maloney,sco SCO,FWMF,Chicago,32,1983,14,14,1226,3,2,2,2,2,0,0.22,0.15,0.37,0.07,0.22
293,Kekuta Manneh\Kekuta-Manneh,us USA,FWMF,Vancouver,20,1994,32,28,2415,7,5,0,0,3,0,0.26,0.19,0.45,0.26,0.45
294,Mauro Manotas\Mauro-Manotas,co COL,FW,Houston,19,1995,9,0,110,0,0,0,0,0,0,0,0,0,0,0
295,Abdoulie Mansally\Abdoulie-Mansally,gm GAM,DFFW,Real Salt Lake,26,1989,19,14,1314,1,0,0,0,5,1,0.07,0,0.07,0.07,0.07
296,Victor Mansaray\Victor-Mansaray,us USA,FW,Seattle,17,1997,3,0,31,0,0,0,0,0,0,0,0,0,0,0
297,Juan Manuel Martínez\Juan-Manuel-Martinez,ar ARG,FWMF,Real Salt Lake,29,1985,8,7,647,1,0,0,1,2,0,0.14,0,0.14,0.14,0.14
298,Justin Mapp\Justin-Mapp,us USA,MF,Montreal,30,1984,5,3,263,0,0,0,0,0,0,0,0,0,0,0
299,Luis Marín\Luis-Marin,cl CHI,GK,Sporting KC,31,1983,8,8,720,0,0,0,0,0,0,0,0,0,0,0
300,Richie Marquez\Richie-Marquez,us USA,DF,Philadelphia,22,1992,21,20,1854,0,0,0,0,1,1,0,0,0,0,0
301,Chad Marshall\Chad-Marshall,us USA,DF,Seattle,30,1984,29,28,2530,0,0,0,0,2,0,0,0,0,0,0
302,Obafemi Martins\Obafemi-Martins,ng NGA,FW,Seattle,30,1984,21,20,1805,15,5,0,1,2,0,0.75,0.25,1,0.75,1
303,David Mateos\David-Mateos,es ESP,DF,Orlando City,27,1987,6,6,540,0,1,0,0,0,0,0,0.17,0.17,0,0.17
304,Darren Mattocks\Darren-Mattocks,jm JAM,FW,Vancouver,24,1990,22,9,856,3,1,0,0,2,0,0.32,0.11,0.42,0.32,0.42
305,Aaron Maund\Aaron-Maund,tt TRI,DF,Real Salt Lake,24,1990,22,21,1975,1,0,0,0,3,0,0.05,0,0.05,0.05,0.05
306,John McCarthy\John-McCarthy,us USA,GK,Philadelphia,22,1992,11,11,990,0,0,0,0,0,0,0,0,0,0,0
307,Dax McCarty\Dax-McCarty,us USA,MF,NY Red Bulls,27,1987,32,32,2771,1,6,0,0,6,0,0.03,0.19,0.23,0.03,0.23
308,Jack McInerney\Jack-McInerney,us USA,FW,Montreal,22,1992,17,13,1186,4,0,0,0,4,0,0.3,0,0.3,0.3,0.3
309,Jack McInerney\Jack-McInerney,us USA,FW,Columbus,22,1992,5,2,171,2,1,0,0,2,0,1.05,0.53,1.58,1.05,1.58
310,Jimmy McLaughlin\Jimmy-McLaughlin,us USA,MF,Philadelphia,21,1993,1,0,1,0,0,0,0,0,0,0,0,0,0,0
311,Thomas McNamara\Thomas-McNamara,us USA,FWMF,NYCFC,23,1991,19,15,1323,5,2,0,0,3,0,0.34,0.14,0.48,0.34,0.48
312,Ryan Meara\Ryan-Meara,us USA,GK,NYCFC,24,1990,1,1,90,0,0,0,0,0,0,0,0,0,0,0
313,Tyrone Mears\Tyrone-Mears,jm JAM,DF,Seattle,31,1983,33,33,2959,1,2,0,0,3,0,0.03,0.06,0.09,0.03,0.09
314,Jimmy Medranda\Jimmy-Medranda,co COL,DFMF,Sporting KC,20,1994,7,7,420,0,0,0,0,1,0,0,0,0,0,0
315,Lucas Melano\Lucas-Melano,ar ARG,FWMF,Portland,21,1993,13,8,724,1,3,0,0,4,0,0.12,0.37,0.5,0.12,0.5
316,Tim Melia\Tim-Melia,us USA,GK,Sporting KC,28,1986,23,23,2070,0,0,0,0,2,0,0,0,0,0,0
317,Jefferson Mena\Jefferson-Mena,co COL,DF,NYCFC,25,1989,7,6,596,0,0,0,0,2,0,0,0,0,0,0
318,Justin Meram\Justin-Meram,iq IRQ,FWMF,Columbus,26,1988,31,28,2216,6,4,0,0,3,0,0.24,0.16,0.41,0.24,0.41
319,Tommy Meyer\Tommy-Meyer,us USA,DF,LA Galaxy,24,1990,6,4,371,0,0,0,0,0,0,0,0,0,0,0
320,Nicolás Mezquida\Nicolas-Mezquida,uy URU,FWMF,Vancouver,23,1992,18,12,926,1,1,0,0,3,0,0.1,0.1,0.19,0.1,0.19
321,Matt Miazga\Matt-Miazga,us USA,DF,NY Red Bulls,19,1995,26,24,2130,1,1,0,0,5,2,0.04,0.04,0.08,0.04,0.08
322,Michel\Michel,br BRA,DFMF,FC Dallas,33,1981,18,12,917,1,4,0,0,3,0,0.1,0.39,0.49,0.1,0.49
323,Eric Miller\Eric-Miller,us USA,DF,Montreal,22,1993,9,6,519,0,0,0,0,1,0,0,0,0,0,0
324,Roy Miller\Roy-Miller,cr CRC,DF,NY Red Bulls,30,1984,6,5,444,0,0,0,0,0,0,0,0,0,0,0
325,Leonel Miranda\Leonel-Miranda,ar ARG,MF,Houston,21,1994,20,11,1016,2,1,0,0,3,0,0.18,0.09,0.27,0.18,0.27
326,Luke Mishu\Luke-Mishu,us USA,DF,D.C. United,23,1991,2,2,161,0,0,0,0,0,0,0,0,0,0,0
327,Kevin Molino\Kevin-Molino,tt TRI,MF,Orlando City,24,1990,7,7,603,0,1,0,0,3,0,0,0.15,0.15,0,0.15
328,Drew Moor\Drew-Moor,us USA,DF,Colorado,31,1984,22,22,1980,1,1,0,0,5,0,0.05,0.05,0.09,0.05,0.09
329,Luke Moore\Luke-Moore,eng ENG,FW,Toronto FC,28,1986,15,6,626,1,2,0,0,2,0,0.14,0.29,0.43,0.14,0.43
330,Javier Morales\Javier-Morales,ar ARG,MF,Real Salt Lake,35,1980,26,24,2125,8,10,2,3,3,1,0.34,0.42,0.76,0.25,0.68
331,Pedro Morales\Pedro-Morales,cl CHI,MF,Vancouver,29,1985,23,15,1432,6,4,2,2,3,1,0.38,0.25,0.63,0.25,0.5
332,Ashtone Morgan\Ashtone-Morgan,ca CAN,DF,Toronto FC,23,1991,19,17,1548,0,2,0,0,2,0,0,0.12,0.12,0,0.12
333,Justin Morrow\Justin-Morrow,us USA,DFMF,Toronto FC,27,1987,32,31,2757,2,2,0,0,3,1,0.07,0.07,0.13,0.07,0.13
334,Luke Mulholland\Luke-Mulholland,eng ENG,MF,Real Salt Lake,26,1988,29,27,2320,3,2,0,0,7,0,0.12,0.08,0.19,0.12,0.19
335,Patrick Mullins\Patrick-Mullins,us USA,FW,NYCFC,22,1992,23,11,1040,6,4,1,1,2,0,0.52,0.35,0.87,0.43,0.78
336,Soni Mustivar\Soni-Mustivar,ht HAI,DFMF,Sporting KC,24,1990,25,20,1883,0,1,0,0,5,0,0,0.05,0.05,0,0.05
337,Danny Mwanga\Danny-Mwanga,cd COD,FW,Orlando City,23,1991,4,1,112,0,0,0,0,0,0,0,0,0,0,0
338,Chance Myers\Chance-Myers,us USA,DFMF,Sporting KC,27,1987,13,10,839,0,1,0,0,2,0,0,0.11,0.11,0,0.11
339,Paulo Nagamura\Paulo-Nagamura,br BRA,MF,Sporting KC,31,1983,21,17,1438,3,1,0,0,6,0,0.19,0.06,0.25,0.19,0.25
340,Darlington Nagbe\Darlington-Nagbe,us USA,FWMF,Portland,24,1990,33,33,2832,5,5,0,1,0,0,0.16,0.16,0.32,0.16,0.32
341,Michael Nanchoff\Michael-Nanchoff,us USA,MF,Portland,26,1988,4,0,30,0,0,0,0,0,0,0,0,0,0,0
342,Lamar Neagle\Lamar-Neagle,us USA,FWMF,Seattle,27,1987,31,23,2023,4,2,0,0,2,0,0.18,0.09,0.27,0.18,0.27
343,Lewis Neal\Lewis-Neal,eng ENG,MF,Orlando City,33,1981,21,18,1502,0,1,0,0,0,0,0,0.06,0.06,0,0.06
344,Adam Nemec\Adam-Nemec,sk SVK,FW,NYCFC,29,1985,9,8,588,0,0,0,0,0,0,0,0,0,0,0
345,Krisztián Németh\Krisztian-Nemeth,hu HUN,FW,Sporting KC,26,1989,28,23,2033,10,5,0,0,3,0,0.44,0.22,0.66,0.44,0.66
346,Steve Neumann\Steve-Neumann,us USA,FWMF,New England,23,1991,9,1,150,0,0,0,0,0,0,0,0,0,0,0
347,Ben Newnam\Ben-Newnam,us USA,DF,Colorado,23,1991,1,1,90,0,0,0,0,0,0,0,0,0,0,0
348,Lee Nguyen\Lee-Nguyen,us USA,FWMF,New England,28,1986,32,31,2701,7,9,3,3,4,1,0.23,0.3,0.53,0.13,0.43
349,Vincent Nogueira\Vincent-Nogueira,fr FRA,MF,Philadelphia,27,1988,27,22,1992,5,0,0,0,6,0,0.23,0,0.23,0.23,0.23
350,Patrick Nyarko\Patrick-Nyarko,gh GHA,FWMF,Chicago,29,1986,19,14,1215,3,4,0,0,4,0,0.22,0.3,0.52,0.22,0.52
351,Sanna Nyassi\Sanna-Nyassi,gm GAM,MF,San Jose,26,1989,28,19,1477,2,1,0,0,6,0,0.12,0.06,0.18,0.12,0.18
352,Shane O'Neill\Shane-ONeill,us USA,DFMF,Colorado,21,1993,4,3,287,0,0,0,0,0,0,0,0,0,0,0
353,Marius Obekop\Marius-Obekop,cm CMR,MF,NY Red Bulls,20,1994,1,0,5,0,1,0,0,0,0,0,18,18,0,18
354,Jimmy Ockford\Jimmy-Ockford,us USA,DF,Seattle,22,1992,1,1,90,0,0,0,0,0,0,0,0,0,0,0
355,Dominic Oduro\Dominic-Oduro,gh GHA,FWMF,Montreal,29,1985,28,18,1673,8,0,0,0,3,0,0.43,0,0.43,0.43,0.43
356,Sean Okoli\Sean-Okoli,us USA,FW,New England,21,1993,5,0,50,0,0,0,0,0,0,0,0,0,0,0
357,Amobi Okugo\Amobi-Okugo,us USA,DFMF,Orlando City,23,1991,15,9,815,0,0,0,0,4,0,0,0,0,0,0
358,Amobi Okugo\Amobi-Okugo,us USA,DFMF,Sporting KC,23,1991,3,1,110,0,1,0,0,1,0,0,0.82,0.82,0,0.82
359,Boyd Okwuonu\Boyd-Okwuonu,us USA,DF,Real Salt Lake,21,1993,3,1,120,0,0,0,0,0,0,0,0,0,0,0
360,Rasheed Olabiyi\Rasheed-Olabiyi,ng NGA,MF,Houston,24,1990,7,4,283,0,0,0,0,0,0,0,0,0,0,0
361,Jámison Olave\Jamison-Olave,co COL,DF,Real Salt Lake,35,1979,22,22,1851,1,1,0,0,2,3,0.05,0.05,0.1,0.05,0.1
362,Ike Opara\Ike-Opara,us USA,DF,Sporting KC,25,1989,6,6,533,2,0,0,0,0,0,0.34,0,0.34,0.34,0.34
363,Kofi Opare\Kofi-Opare,ca CAN,DF,D.C. United,24,1990,18,17,1616,1,0,0,0,1,0,0.06,0,0.06,0.06,0.06
364,Jonathan Osorio\Jonathan-Osorio,ca CAN,MF,Toronto FC,22,1992,29,26,2228,1,7,0,0,1,0,0.04,0.28,0.32,0.04,0.32
365,Karl Ouimette\Karl-Ouimette,ca CAN,DF,NY Red Bulls,22,1992,11,7,715,0,0,0,0,2,0,0,0,0,0,0
366,David Ousted\David-Ousted,dk DEN,GK,Vancouver,29,1985,34,34,3060,0,0,0,0,0,0,0,0,0,0,0
367,Ambroise Oyongo\Ambroise-Oyongo,cm CMR,DFMF,Montreal,23,1991,22,22,1864,1,0,0,0,1,2,0.05,0,0.05,0.05,0.05
368,Lovel Palmer\Lovel-Palmer,jm JAM,DFMF,Chicago,30,1984,22,20,1798,0,1,0,0,2,0,0,0.05,0.05,0,0.05
369,Erik Palmer-Brown\Erik-Palmer-Brown,us USA,DF,Sporting KC,17,1997,7,4,378,0,0,0,0,2,0,0,0,0,0,0
370,Norberto Paparatto\Norberto-Paparatto,ar ARG,DF,Portland,31,1984,6,5,451,0,0,0,0,1,0,0,0,0,0,0
371,Marco Pappa\Marco-Pappa,gt GUA,MF,Seattle,27,1987,20,17,1461,3,5,0,0,2,0,0.18,0.31,0.49,0.18,0.49
372,Tim Parker\Tim-Parker,us USA,DF,Vancouver,21,1993,15,14,1263,0,0,0,0,2,0,0,0,0,0,0
373,Michael Parkhurst\Michael-Parkhurst,us USA,DF,Columbus,31,1984,33,33,2896,0,1,0,0,2,1,0,0.03,0.03,0,0.03
374,Martin Paterson\Martin-Paterson,nir NIR,FW,Orlando City,27,1987,4,0,57,0,0,0,0,1,0,0,0,0,0,0
375,Taylor Peay\Taylor-Peay,us USA,DF,Portland,23,1991,5,3,320,0,0,0,0,0,0,0,0,0,0,0
376,Pecka\Pecka,br BRA,MF,Real Salt Lake,25,1989,4,1,113,0,0,0,0,0,0,0,0,0,0,0
377,Marc Pelosi\Marc-Pelosi,us USA,MF,San Jose,20,1994,12,7,652,0,0,0,0,6,0,0,0,0,0,0
378,Jaime Penedo\Jaime-Penedo,pa PAN,GK,LA Galaxy,33,1981,16,16,1440,0,0,0,0,1,0,0,0,0,0,0
379,Blas Pérez\Blas-Perez,pa PAN,FW,FC Dallas,33,1981,23,14,1280,5,1,0,0,2,1,0.35,0.07,0.42,0.35,0.42
380,Víctor Pérez\Victor-Perez,es ESP,MF,Chicago,27,1988,1,0,3,0,0,0,0,0,0,0,0,0,0,0
381,Troy Perkins\Troy-Perkins,us USA,GK,Seattle,33,1981,4,4,314,0,0,0,0,0,0,0,0,0,0,0
382,Damien Perquis\Damien-Perquis,pl POL,DF,Toronto FC,30,1984,25,24,2065,1,0,0,0,6,0,0.04,0,0.04,0.04,0.04
383,Damien Perrinelle\Damien-Perrinelle,fr FRA,DF,NY Red Bulls,31,1983,28,27,2409,2,1,0,0,11,0,0.07,0.04,0.11,0.07,0.11
384,Jacob Peterson\Jacob-Peterson,us USA,FWMF,Sporting KC,29,1986,26,15,1333,1,1,0,0,2,0,0.07,0.07,0.14,0.07,0.14
385,Zach Pfeffer\Zach-Pfeffer,us USA,MF,Philadelphia,20,1995,21,11,992,2,0,0,0,0,1,0.18,0,0.18,0.18,0.18
386,Demar Phillips\Demar-Phillips,jm JAM,DFMF,Real Salt Lake,31,1983,18,16,1374,0,0,0,0,5,1,0,0,0,0,0
387,Ignacio Piatti\Ignacio-Piatti,ar ARG,FWMF,Montreal,29,1985,26,26,2204,9,8,4,5,3,0,0.37,0.33,0.69,0.2,0.53
388,Jean-Baptiste Pierazzi\Jean-Baptiste-Pierazzi,fr FRA,MF,San Jose,29,1985,3,3,270,0,0,0,0,0,0,0,0,0,0,0
389,Gonzalo Pineda\Gonzalo-Pineda,mx MEX,FWMF,Seattle,32,1982,28,21,1850,1,2,0,0,5,1,0.05,0.1,0.15,0.05,0.15
390,Andrea Pirlo\Andrea-Pirlo,it ITA,MF,NYCFC,35,1979,13,12,1073,0,4,0,0,2,0,0,0.34,0.34,0,0.34
391,Lucas Pittinari\Lucas-Pittinari,ar ARG,DFMF,Colorado,23,1991,29,25,2241,1,3,0,0,6,0,0.04,0.12,0.16,0.04,0.16
392,Joao Plata\Joao-Plata,ec ECU,FWMF,Real Salt Lake,22,1992,19,17,1424,4,3,1,1,1,0,0.25,0.19,0.44,0.19,0.38
393,Emanuel Pogatetz\Emanuel-Pogatetz,at AUT,DF,Columbus,32,1983,19,16,1477,0,1,0,0,3,0,0,0.06,0.06,0,0.06
394,Kwadwo Poku\Kwadwo-Poku,gh GHA,FWMF,NYCFC,22,1992,27,6,995,4,6,0,0,4,0,0.36,0.54,0.9,0.36,0.9
395,Matt Polster\Matt-Polster,us USA,DFMF,Chicago,21,1993,30,27,2420,0,0,0,0,10,0,0,0,0,0,0
396,Chris Pontius\Chris-Pontius,us USA,FWMF,D.C. United,27,1987,23,17,1534,3,1,0,1,1,0,0.18,0.06,0.23,0.18,0.23
397,Cameron Porter\Cameron-Porter,us USA,FW,Montreal,21,1993,2,1,39,0,0,0,0,0,0,0,0,0,0,0
398,Alvas Powell\Alvas-Powell,jm JAM,DF,Portland,20,1994,31,31,2724,0,1,0,0,7,0,0,0.03,0.03,0,0.03
399,Dillon Powers\Dillon-Powers,us USA,MF,Colorado,23,1991,32,25,2226,3,5,1,0,3,0,0.12,0.2,0.32,0.08,0.28
400,Guly do Prado\Guly-do-Prado,br BRA,FWMF,Chicago,33,1981,15,6,582,0,0,0,0,4,0,0,0,0,0,0
401,Jordi Quintillà\Jordi-Quintilla,es ESP,MF,Sporting KC,21,1993,8,3,278,0,0,0,0,0,0,0,0,0,0,0
402,Juan Ramírez\Juan-Ramirez,ar ARG,MF,Colorado,21,1993,27,15,1461,1,3,0,0,3,0,0.06,0.18,0.25,0.06,0.25
403,Rafael Ramos\Rafael-Ramos,pt POR,DF,Orlando City,20,1995,25,24,1998,0,2,0,0,5,2,0,0.09,0.09,0,0.09
404,Tommy Redding\Tommy-Redding,us USA,DF,Orlando City,18,1997,2,1,87,0,0,0,0,0,0,0,0,0,0,0
405,Dylan Remick\Dylan-Remick,us USA,DF,Seattle,23,1991,19,18,1605,0,0,0,0,1,0,0,0,0,0,0
406,Renato\Renato,pt POR,DF,San Jose,27,1987,5,3,366,0,0,0,0,0,0,0,0,0,0,0
407,Nigel Reo-Coker\Nigel-Reo-Coker,eng ENG,MF,Montreal,30,1984,28,20,1878,0,2,0,0,5,0,0,0.1,0.1,0,0.1
408,Pedro Ribeiro\Pedro-Ribeiro,br BRA,MF,Orlando City,24,1990,18,8,738,2,2,0,0,0,0,0.24,0.24,0.49,0.24,0.49
409,Dane Richards\Dane-Richards,jm JAM,FWMF,NY Red Bulls,31,1983,12,1,269,0,0,0,0,1,0,0,0,0,0,0
410,Donovan Ricketts\Donovan-Ricketts,jm JAM,GK,LA Galaxy,37,1977,11,11,990,0,0,0,0,1,0,0,0,0,0,0
411,Donovan Ricketts\Donovan-Ricketts,jm JAM,GK,Orlando City,37,1977,10,10,900,0,0,0,0,0,0,0,0,0,0,0
412,Liam Ridgewell\Liam-Ridgewell,eng ENG,DF,Portland,30,1984,32,32,2868,0,0,0,0,6,1,0,0,0,0,0
413,James Riley\James-Riley,us USA,DF,Colorado,32,1982,16,16,1429,1,0,0,0,4,0,0.06,0,0.06,0.06,0.06
414,Nick Rimando\Nick-Rimando,us USA,GK,Real Salt Lake,35,1979,24,24,2160,0,0,0,0,0,0,0,0,0,0,0
415,Chris Ritter\Chris-Ritter,us USA,MF,Chicago,24,1990,7,5,405,0,0,0,0,3,0,0,0,0,0,0
416,Carlos Rivas\Carlos-Rivas,co COL,FW,Orlando City,20,1994,27,13,1381,0,3,0,0,6,0,0,0.2,0.2,0,0.2
417,Octavio Rivero\Octavio-Rivero,uy URU,FW,Vancouver,23,1992,34,30,2734,10,3,3,3,3,0,0.33,0.1,0.43,0.23,0.33
418,Luis Robles\Luis-Robles,us USA,GK,NY Red Bulls,30,1984,34,34,3060,0,0,0,0,3,0,0,0,0,0,0
419,Bryan Róchez\Bryan-Rochez,hn HON,FW,Orlando City,20,1995,16,0,279,3,0,0,0,1,0,0.97,0,0.97,0.97,0.97
420,Diego Rodríguez\Diego-Rodriguez,uy URU,DF,Vancouver,24,1991,4,3,257,0,0,0,0,2,0,0,0,0,0,0
421,Raúl Rodríguez\Raul-Rodriguez,es ESP,DF,Houston,27,1987,27,27,2364,2,0,0,0,6,1,0.08,0,0.08,0.08,0.08
422,Robbie Rogers\Robbie-Rogers,us USA,DFMF,LA Galaxy,27,1987,27,26,2313,1,3,0,0,6,0,0.04,0.12,0.16,0.04,0.16
423,Cristian Roldan\Cristian-Roldan,us USA,FWMF,Seattle,19,1995,22,11,1116,0,1,0,0,1,0,0,0.08,0.08,0,0.08
424,Chris Rolfe\Chris-Rolfe,us USA,FWMF,D.C. United,32,1983,31,30,2434,10,4,4,4,0,0,0.37,0.15,0.52,0.22,0.37
425,Andrés Romero\Andres-Romero,ar ARG,FWMF,Montreal,25,1989,27,23,1864,4,4,0,0,8,0,0.19,0.19,0.39,0.19,0.39
426,David Romney\David-Romney,us USA,DF,LA Galaxy,21,1993,5,2,261,0,0,0,0,0,0,0,0,0,0,0
427,Mauro Rosales\Mauro-Rosales,ar ARG,FWMF,Vancouver,33,1981,24,19,1504,1,3,0,0,0,0,0.06,0.18,0.24,0.06,0.24
428,Andy Rose\Andy-Rose,au AUS,MF,Seattle,24,1990,25,17,1614,0,2,0,0,4,0,0,0.11,0.11,0,0.11
429,Brian Rowe\Brian-Rowe,us USA,GK,LA Galaxy,26,1988,7,7,630,0,9,0,0,0,0,0,1.29,1.29,0,1.29
430,Kelyn Rowe\Kelyn-Rowe,us USA,FWMF,New England,23,1991,33,21,1927,7,6,0,0,1,0,0.33,0.28,0.61,0.33,0.61
431,Álvaro Saborío\Alvaro-Saborio,cr CRC,FW,Real Salt Lake,32,1982,14,13,1079,3,0,1,1,2,0,0.25,0,0.25,0.17,0.17
432,Álvaro Saborío\Alvaro-Saborio,cr CRC,FW,D.C. United,32,1982,12,9,778,4,0,0,0,0,0,0.46,0,0.46,0.46,0.46
433,Mohammed Saeid\Mohammed-Saeid,er ERI,FWMF,Columbus,24,1990,25,18,1592,0,1,0,0,4,1,0,0.06,0.06,0,0.06
434,Shea Salinas\Shea-Salinas,us USA,DFMF,San Jose,28,1986,34,29,2615,3,5,0,0,2,0,0.1,0.17,0.28,0.1,0.28
435,Lloyd Sam\Lloyd-Sam,gh GHA,MF,NY Red Bulls,30,1984,31,27,2266,10,7,0,0,3,0,0.4,0.28,0.68,0.4,0.68
436,Ethen Sampson\Ethen-Sampson,za RSA,DF,Vancouver,21,1993,1,1,87,0,0,0,0,1,0,0,0,0,0,0
437,Manolo Sanchez\Manolo-Sanchez,pr PUR,MF,NY Red Bulls,23,1991,3,0,25,0,0,0,0,0,0,0,0,0,0,0
438,Vicente Sánchez\Vicente-Sanchez,uy URU,FW,Colorado,35,1979,30,16,1400,4,5,1,1,1,0,0.26,0.32,0.58,0.19,0.51
439,Devon Sandoval\Devon-Sandoval,us USA,FW,Real Salt Lake,23,1991,30,17,1611,4,2,0,0,2,0,0.22,0.11,0.34,0.22,0.34
440,C.J. Sapong\CJ-Sapong,us USA,FWMF,Philadelphia,26,1988,27,20,1901,9,3,0,0,2,0,0.43,0.14,0.57,0.43,0.57
441,Kofi Sarkodie\Kofi-Sarkodie,us USA,DF,Houston,23,1991,16,15,1303,0,0,0,0,4,1,0,0,0,0,0
442,Marcelo Sarvas\Marcelo-Sarvas,br BRA,MF,Colorado,33,1981,25,21,1870,2,1,0,0,4,0,0.1,0.05,0.14,0.1,0.14
443,Sebastián Saucedo\Sebastian-Saucedo,us USA,FWMF,Real Salt Lake,18,1997,9,1,173,0,0,0,0,0,1,0,0,0,0,0
444,Josh Saunders\Josh-Saunders,pr PUR,GK,NYCFC,33,1981,33,33,2970,0,0,0,0,4,0,0,0,0,0,0
445,Gastón Sauro\Gaston-Sauro,ar ARG,DF,Columbus,24,1990,4,4,271,0,0,0,0,2,0,0,0,0,0,0
446,Aaron Schoenfeld\Aaron-Schoenfeld,us USA,FW,Columbus,24,1990,17,1,226,1,0,0,0,1,0,0.4,0,0.4,0.4,0.4
447,Chris Schuler\Chris-Schuler,us USA,DF,Real Salt Lake,27,1987,5,5,450,0,0,0,0,1,0,0,0,0,0,0
448,Zach Scott\Zach-Scott,us USA,DFMF,Seattle,34,1980,20,15,1484,0,0,0,0,4,0,0,0,0,0,0
449,Chris Seitz\Chris-Seitz,us USA,GK,FC Dallas,27,1987,7,7,630,0,0,0,0,0,0,0,0,0,0,0
450,Dillon Serna\Dillon-Serna,us USA,DFMF,Colorado,20,1994,15,8,683,3,1,0,0,2,0,0.4,0.13,0.53,0.4,0.53
451,Brek Shea\Brek-Shea,us USA,DFFW,Orlando City,24,1990,19,17,1465,0,4,0,0,7,1,0,0.25,0.25,0,0.25
452,Khiry Shelton\Khiry-Shelton,us USA,FW,NYCFC,21,1993,17,7,831,1,0,0,0,0,0,0.11,0,0.11,0.11,0.11
453,Mark Sherrod\Mark-Sherrod,us USA,FW,San Jose,24,1990,6,2,234,0,0,0,0,1,1,0,0,0,0,0
454,Harry Shipp\Harry-Shipp,us USA,FWMF,Chicago,23,1991,33,29,2568,3,7,0,0,2,0,0.11,0.25,0.35,0.11,0.35
455,Bobby Shuttleworth\Bobby-Shuttleworth,us USA,GK,New England,27,1987,31,31,2790,0,0,0,0,1,0,0,0,0,0,0
456,Luis Silva\Luis-Silva,us USA,FWMF,Real Salt Lake,26,1988,10,7,527,0,0,0,0,0,0,0,0,0,0,0
457,Luis Silva\Luis-Silva,us USA,FWMF,D.C. United,26,1988,14,4,351,1,0,0,0,0,0,0.26,0,0.26,0.26,0.26
458,Clément Simonin\Clement-Simonin,fr FRA,DF,Toronto FC,23,1991,2,2,170,0,0,0,0,1,0,0,0,0,0,0
459,Seth Sinovic\Seth-Sinovic,us USA,DF,Sporting KC,28,1987,11,10,899,0,0,0,0,3,0,0,0,0,0,0
460,Axel Sjöberg\Axel-Sjoberg,se SWE,DF,Colorado,23,1991,14,14,1260,0,0,0,0,5,1,0,0,0,0,0
461,Jordan Smith\Jordan-Smith,cr CRC,DF,Vancouver,23,1991,7,4,379,0,0,0,0,1,0,0,0,0,0,0
462,Luis Solignac\Luis-Solignac,ar ARG,FWMF,Colorado,23,1991,15,14,1232,0,2,0,0,0,0,0,0.15,0.15,0,0.15
463,Oscar Sorto\Oscar-Sorto,us USA,DF,LA Galaxy,20,1994,3,3,270,0,0,0,0,0,1,0,0,0,0,0
464,Bakary Soumaré\Bakary-Soumare,ml MLI,DF,Montreal,29,1985,10,9,836,0,0,0,0,3,0,0,0,0,0,0
465,Ben Speas\Ben-Speas,us USA,FWMF,Columbus,24,1991,8,2,218,0,0,0,0,0,0,0,0,0,0,0
466,Sean St Ledger\Sean-St-Ledger,ie IRL,DF,Orlando City,30,1984,15,14,1212,0,0,0,0,1,0,0,0,0,0,0
467,Sean St Ledger\Sean-St-Ledger,ie IRL,DF,Colorado,30,1984,12,12,1047,0,1,0,0,0,0,0,0.09,0.09,0,0.09
468,Zach Steinberger\Zach-Steinberger,us USA,MF,Houston,22,1992,3,0,31,0,0,0,0,0,0,0,0,0,0,0
469,Kristinn Steindórsson\Kristinn-Steindorsson,is ISL,MF,Columbus,24,1990,21,4,632,0,0,0,0,1,0,0,0,0,0,0
470,Michael Stephens\Michael-Stephens,us USA,MF,Chicago,25,1989,20,16,1311,0,4,0,0,2,0,0,0.27,0.27,0,0.27
471,Khari Stephenson\Khari-Stephenson,jm JAM,MF,San Jose,34,1981,4,2,213,0,0,0,0,0,0,0,0,0,0,0
472,John Stertzer\John-Stertzer,us USA,MF,Real Salt Lake,24,1990,19,9,863,1,0,0,0,5,0,0.1,0,0.1,0.1,0.1
473,Jordan Stewart\Jordan-Stewart,eng ENG,DFMF,San Jose,32,1982,14,13,1130,0,0,0,0,3,0,0,0,0,0,0
474,Nathan Sturgis\Nathan-Sturgis,us USA,DFMF,Houston,27,1987,18,15,1290,1,1,0,0,2,1,0.07,0.07,0.14,0.07,0.14
475,Brian Sylvestre\Brian-Sylvestre,us USA,GK,Philadelphia,22,1992,12,12,1080,0,0,0,0,0,0,0,0,0,0,0
476,Jermaine Taylor\Jermaine-Taylor,jm JAM,DF,Houston,30,1985,16,16,1429,0,1,0,0,3,1,0,0.06,0.06,0,0.06
477,Tony Taylor\Tony-Taylor,pa PAN,FW,NYCFC,25,1989,2,1,66,0,0,0,0,0,0,0,0,0,0,0
478,Tony Tchani\Tony-Tchani,cm CMR,MF,Columbus,25,1989,32,32,2783,5,4,0,0,5,0,0.16,0.13,0.29,0.16,0.29
479,Cristian Techera\Cristian-Techera,uy URU,FWMF,Vancouver,22,1992,22,17,1568,7,4,0,0,4,0,0.4,0.23,0.63,0.4,0.63
480,Russell Teibert\Russell-Teibert,ca CAN,MF,Vancouver,22,1992,23,15,1348,0,0,0,0,3,0,0,0,0,0,0
481,David Texeira\David-Texeira,uy URU,FW,FC Dallas,23,1991,22,19,1391,6,3,0,0,1,0,0.39,0.19,0.58,0.39,0.58
482,Tommy Thompson\Tommy-Thompson,us USA,DFFW,San Jose,19,1995,17,4,475,0,0,0,0,1,0,0,0,0,0,0
483,Chris Tierney\Chris-Tierney,us USA,DFMF,New England,29,1986,31,29,2614,2,5,0,0,3,1,0.07,0.17,0.24,0.07,0.24
484,Maxim Tissot\Maxim-Tissot,ca CAN,DFMF,Montreal,22,1992,11,7,581,1,0,0,0,1,0,0.15,0,0.15,0.15,0.15
485,Donny Toia\Donny-Toia,us USA,DF,Montreal,22,1992,31,29,2700,1,0,0,0,4,0,0.03,0,0.03,0.03,0.03
486,Erick Torres\Erick-Torres,mx MEX,FW,Houston,22,1993,11,3,345,0,1,0,0,1,0,0,0.26,0.26,0,0.26
487,Gabriel Torres\Gabriel-Torres,pa PAN,FW,Colorado,26,1988,25,19,1592,4,3,0,0,1,0,0.23,0.17,0.4,0.23,0.4
488,Román Torres\Roman-Torres,pa PAN,DF,Seattle,28,1986,4,4,314,0,0,0,0,0,0,0,0,0,0,0
489,Wil Trapp\Wil-Trapp,us USA,MF,Columbus,22,1993,19,17,1533,0,1,0,0,0,0,0,0.06,0.06,0,0.06
490,Tyler Turner\Tyler-Turner,us USA,DF,Orlando City,18,1996,7,5,479,0,0,0,0,2,1,0,0,0,0,0
491,Victor Ulloa\Victor-Ulloa,us USA,MF,FC Dallas,22,1992,33,33,2912,2,1,0,0,4,0,0.06,0.03,0.09,0.06,0.09
492,Maximiliano Urruti\Maximiliano-Urruti,ar ARG,FW,Portland,23,1991,30,12,1090,4,2,0,0,3,0,0.33,0.17,0.5,0.33,0.5
493,Nelson Valdez\Nelson-Valdez,py PAR,FW,Seattle,31,1983,7,5,411,1,0,0,0,0,0,0.22,0,0.22,0.22,0.22
494,Diego Valeri\Diego-Valeri,ar ARG,FWMF,Portland,28,1986,22,20,1708,2,7,0,0,4,0,0.11,0.37,0.47,0.11,0.47
495,Elías Vásquez\Elias-Vasquez,gt GUA,DF,Real Salt Lake,22,1992,15,14,1265,0,0,0,0,3,0,0,0,0,0,0
496,Mika Väyrynen\Mika-Vayrynen,fi FIN,MF,LA Galaxy,33,1981,19,10,795,0,0,0,0,3,0,0,0,0,0,0
497,Sebastián Velásquez\Sebastian-Velasquez,co COL,MF,NYCFC,23,1991,12,5,449,0,0,0,0,0,0,0,0,0,0,0
498,Johan Venegas\Johan-Venegas,cr CRC,FWMF,Montreal,26,1988,12,9,745,1,0,0,0,4,0,0.12,0,0.12,0.12,0.12
499,Gonzalo Verón\Gonzalo-Veron,ar ARG,FW,NY Red Bulls,25,1989,13,2,330,1,1,0,0,0,0,0.27,0.27,0.55,0.27,0.55
500,David Villa\David-Villa,es ESP,FWMF,NYCFC,33,1981,30,29,2513,18,6,7,8,4,0,0.64,0.21,0.86,0.39,0.61
501,Jorge Villafaña\Jorge-Villafana,us USA,DFFW,Portland,25,1989,33,33,2924,1,4,0,0,3,0,0.03,0.12,0.15,0.03,0.15
502,Jose Villarreal\Jose-Villarreal,us USA,FWMF,LA Galaxy,21,1993,16,9,698,2,3,0,0,1,0,0.26,0.39,0.64,0.26,0.64
503,Steven Vitória\Steven-Vitoria,ca CAN,DF,Philadelphia,28,1987,18,18,1575,1,0,0,0,5,0,0.06,0,0.06,0.06,0.06
504,Tyson Wahl\Tyson-Wahl,us USA,DF,Columbus,30,1984,18,14,1417,0,1,0,0,1,0,0,0.06,0.06,0,0.06
505,Kenney Walker\Kenney-Walker,us USA,MF,LA Galaxy,26,1988,8,3,287,0,0,0,0,1,0,0,0,0,0,0
506,Anthony Wallace\Anthony-Wallace,us USA,DFMF,NY Red Bulls,26,1989,6,6,540,2,0,0,0,1,0,0.33,0,0.33,0.33,0.33
507,Rodney Wallace\Rodney-Wallace,cr CRC,DFMF,Portland,26,1988,32,23,1973,1,6,0,0,3,0,0.05,0.27,0.32,0.05,0.32
508,Collen Warner\Collen-Warner,us USA,MF,Toronto FC,26,1988,29,20,1750,2,2,0,0,7,0,0.1,0.1,0.21,0.1,0.21
509,Kendall Waston\Kendall-Waston,cr CRC,DF,Vancouver,27,1988,28,28,2486,2,0,0,0,11,1,0.07,0,0.07,0.07,0.07
510,Je-Vaughn Watson\Je-Vaughn-Watson,jm JAM,DFMF,FC Dallas,31,1983,23,22,1987,0,0,0,0,4,1,0,0,0,0,0
511,Matt Watson\Matt-Watson,us USA,MF,Chicago,30,1985,13,8,673,0,1,0,0,1,1,0,0.13,0.13,0,0.13
512,Kwame Watson-Siriboe\Kwame-Watson-Siriboe,us USA,DF,NYCFC,28,1986,11,7,689,1,0,0,0,5,1,0.13,0,0.13,0.13,0.13
513,Jared Watts\Jared-Watts,us USA,DFMF,Colorado,22,1992,13,12,1051,1,1,0,0,5,0,0.09,0.09,0.17,0.09,0.17
514,Andrew Weber\Andrew-Weber,us USA,GK,Portland,31,1983,1,1,90,0,0,0,0,0,0,0,0,0,0,0
515,Andrew Wenger\Andrew-Wenger,us USA,FWMF,Philadelphia,24,1990,26,22,1715,1,2,0,0,0,0,0.05,0.1,0.16,0.05,0.16
516,Ethan White\Ethan-White,us USA,DF,Philadelphia,24,1991,16,13,1222,0,0,0,0,2,0,0,0,0,0,0
517,Josh Williams\Josh-Williams,us USA,DF,NYCFC,26,1988,5,5,428,0,0,0,0,1,0,0,0,0,0,0
518,Josh Williams\Josh-Williams,us USA,DF,Toronto FC,26,1988,12,12,1080,0,0,0,0,0,0,0,0,0,0,0
519,Romario Williams\Romario-Williams,jm JAM,FW,Montreal,20,1994,2,0,8,0,0,0,0,0,0,0,0,0,0,0
520,Sheanon Williams\Sheanon-Williams,us USA,DF,Houston,24,1990,14,12,1158,0,1,0,0,1,0,0,0.08,0.08,0,0.08
521,Sheanon Williams\Sheanon-Williams,us USA,DF,Philadelphia,24,1990,17,15,1272,0,1,0,0,3,0,0,0.07,0.07,0,0.07
522,Joe Willis\Joe-Willis,us USA,GK,Houston,26,1988,3,3,270,0,0,0,0,0,0,0,0,0,0,0
523,Chris Wingert\Chris-Wingert,us USA,DF,NYCFC,32,1982,27,26,2165,0,0,0,0,7,0,0,0,0,0,0
524,Adrian Winter\Adrian-Winter,ch SUI,MF,Orlando City,28,1986,9,7,600,2,0,0,0,2,1,0.3,0,0.3,0.3,0.3
525,Chris Wondolowski\Chris-Wondolowski,us USA,FW,San Jose,32,1983,31,30,2687,16,1,6,6,2,0,0.54,0.03,0.57,0.33,0.37
526,London Woodberry\London-Woodberry,us USA,DF,New England,23,1991,18,18,1497,0,1,0,0,6,0,0,0.06,0.06,0,0.06
527,Travis Worra\Travis-Worra,us USA,GK,D.C. United,21,1993,1,0,33,0,0,0,0,0,0,0,0,0,0,0
528,Bradley Wright-Phillips\Bradley-Wright-Phillips,eng ENG,FW,NY Red Bulls,29,1985,34,33,2855,17,6,2,4,3,0,0.54,0.19,0.73,0.47,0.66
529,Shaun Wright-Phillips\Shaun-Wright-Phillips,eng ENG,FWMF,NY Red Bulls,33,1981,12,1,301,1,1,0,0,1,0,0.3,0.3,0.6,0.3,0.6
530,Marvell Wynne\Marvell-Wynne,us USA,DF,San Jose,28,1986,33,32,2759,0,2,0,0,1,0,0,0.07,0.07,0,0.07
531,Ishmael Yartey\Ishmael-Yartey,gh GHA,FWMF,Portland,25,1990,5,3,227,0,0,0,0,0,0,0,0,0,0,0
532,Gyasi Zardes\Gyasi-Zardes,us USA,FWMF,LA Galaxy,23,1991,29,27,2454,6,4,0,0,3,0,0.22,0.15,0.37,0.22,0.37
533,Eriq Zavaleta\Eriq-Zavaleta,us USA,DF,Toronto FC,22,1992,18,11,1060,1,0,0,0,1,0,0.08,0,0.08,0.08,0.08
534,Alejandro Zendejas\Alejandro-Zendejas,us USA,MF,FC Dallas,16,1998,8,2,192,0,0,0,0,0,0,0,0,0,0,0
535,Walker Zimmerman\Walker-Zimmerman,us USA,DF,FC Dallas,21,1993,20,10,1092,0,0,0,0,1,0,0,0,0,0,0
536,Sal Zizzo\Sal-Zizzo,us USA,DFMF,NY Red Bulls,27,1987,22,10,1039,0,2,0,1,1,0,0,0.17,0.17,0,0.17
537,Ronald Zubar\Ronald-Zubar,fr FRA,DF,NY Red Bulls,29,1985,16,11,702,1,0,0,0,1,0,0.13,0,0.13,0.13,0.13
538,Graham Zusi\Graham-Zusi,us USA,DFFW,Sporting KC,28,1986,25,22,1983,2,4,0,0,1,0,0.09,0.18,0.27,0.09,0.27
