Rk,Player,Nation,Pos,Squad,Age,Born,MP_playingtime,Starts_playingtime,Min_playingtime,Gls_performance,Ast_performance,PK_performance,PKatt_performance,CrdY_performance,CrdR_performance,Gls_per90min,Ast_per90min,G_plus_A_per90min,G_minus_PK_per90min,G_plus_A_minus_PK_per90min
1,Saad Abdul-Salaam\Saad-Abdul-Salaam,us USA,DF,Sporting KC,25,1991,12,10,902,1,1,0,0,1,0,0.1,0.1,0.2,0.1,0.2
2,Mohammed Abu\Mohammed-Abu,gh GHA,MF,Columbus,25,1991,20,14,1279,0,0,0,0,3,0,0,0,0,0,0
3,Lalas Abubakar\Lalas-Abubakar,gh GHA,DF,Columbus,22,1994,7,6,529,1,0,0,0,2,1,0.17,0,0.17,0.17,0.17
4,David Accam\David-Accam,gh GHA,MFFW,Chicago,26,1990,30,24,2194,14,6,2,2,2,0,0.57,0.25,0.82,0.49,0.74
5,Danilo Acosta\Danilo-Acosta,us USA,DF,Real Salt Lake,19,1997,17,16,1408,0,1,0,0,2,1,0,0.06,0.06,0,0.06
6,Kellyn Acosta\Kellyn-Acosta,us USA,MF,FC Dallas,21,1995,23,20,1893,3,2,0,0,2,0,0.14,0.1,0.24,0.14,0.24
7,Luciano Acosta\Luciano-Acosta,ar ARG,MF,D.C. United,22,1994,31,30,2411,5,4,1,1,4,2,0.19,0.15,0.34,0.15,0.3
8,Tyler Adams\Tyler-Adams,us USA,MF,NY Red Bulls,17,1999,24,22,1993,2,3,0,0,2,0,0.09,0.14,0.23,0.09,0.23
9,Seyi Adekoya\Seyi-Adekoya,us USA,FW,Seattle,21,1995,2,1,77,0,0,0,0,1,0,0,0,0,0,0
10,Fanendo Adi\Fanendo-Adi,ng NGA,FW,Portland,26,1990,22,22,1882,10,2,3,3,2,1,0.48,0.1,0.57,0.33,0.43
11,Bismark Adjei-Boateng\Bismark-Adjei-Boateng,gh GHA,MF,Colorado,22,1994,18,10,807,0,0,0,0,3,0,0,0,0,0,0
12,François Affolter\Francois-Affolter,ch SUI,DF,San Jose,25,1991,6,6,508,0,0,0,0,1,0,0,0,0,0,0
13,Harrison Afful\Harrison-Afful,gh GHA,DFMF,Columbus,30,1986,24,21,1779,0,0,0,0,3,1,0,0,0,0,0
14,Juan Agudelo\Juan-Agudelo,us USA,FWMF,New England,24,1992,28,20,1817,8,1,0,0,3,0,0.4,0.05,0.45,0.4,0.45
15,Stefan Aigner\Stefan-Aigner,de GER,MF,Colorado,29,1987,9,5,489,2,1,0,0,2,0,0.37,0.18,0.55,0.37,0.55
16,José Aja\Jose-Aja,uy URU,DF,Orlando City,23,1993,15,15,1273,0,0,0,0,5,2,0,0,0,0,0
17,Tesho Akindele\Tesho-Akindele,ca CAN,MFFW,FC Dallas,24,1992,29,15,1516,4,0,0,0,3,1,0.24,0,0.24,0.24,0.24
18,Fatai Alashe\Fatai-Alashe,us USA,MFDF,San Jose,23,1993,17,13,1200,0,0,0,0,6,0,0,0,0,0,0
19,Roland Alberg\Roland-Alberg,nl NED,MF,Philadelphia,26,1990,24,9,877,7,0,2,3,3,0,0.72,0,0.72,0.51,0.51
20,Romain Alessandrini\Romain-Alessandrini,fr FRA,MF,LA Galaxy,27,1989,30,27,2456,13,11,2,2,8,0,0.48,0.4,0.88,0.4,0.81
21,Alex\Alex,br BRA,MF,Houston,28,1988,32,28,2300,2,7,0,0,5,2,0.08,0.27,0.35,0.08,0.35
22,Eric Alexander\Eric-Alexander,us USA,MF,Houston,28,1988,12,11,882,0,1,0,0,0,0,0,0.1,0.1,0,0.1
23,Tony Alfaro\Tony-Alfaro,us USA,DF,Seattle,23,1993,15,8,820,0,0,0,0,4,0,0,0,0,0,0
24,Brandon Allen\Brandon-Allen,us USA,FW,Minnesota,23,1993,1,0,10,0,0,0,0,0,0,0,0,0,0,0
25,Jordan Allen\Jordan-Allen,us USA,MFFW,Real Salt Lake,21,1995,2,2,111,0,0,0,0,0,0,0,0,0,0,0
26,Miguel Almirón\Miguel-Almiron,py PAR,MF,Atlanta,22,1994,30,27,2390,9,8,1,1,4,0,0.34,0.3,0.64,0.3,0.6
27,Osvaldo Alonso\Osvaldo-Alonso,cu CUB,MF,Seattle,31,1985,26,24,2073,1,0,0,0,4,0,0.04,0,0.04,0.04,0.04
28,Øyvind Alseth\Oyvind-Alseth,no NOR,DFMF,Toronto FC,22,1994,4,4,267,0,0,0,0,1,0,0,0,0,0,0
29,Jozy Altidore\Jozy-Altidore,us USA,FW,Toronto FC,27,1989,27,25,2184,15,6,3,5,8,0,0.62,0.25,0.87,0.49,0.74
30,Arturo Alvarez\Arturo-Alvarez,sv SLV,MFFW,Chicago,31,1985,26,13,1087,3,2,0,0,2,0,0.25,0.17,0.41,0.25,0.41
31,John Alvbåge\John-Alvbage,se SWE,GK,Minnesota,34,1982,3,2,221,0,0,0,0,0,0,0,0,0,0,0
32,Quincy Amarikwa\Quincy-Amarikwa,us USA,FW,San Jose,29,1987,9,1,156,0,0,0,0,0,0,0,0,0,0,0
33,Mikey Ambrose\Mikey-Ambrose,us USA,DF,Atlanta,23,1993,7,2,265,0,0,0,0,1,0,0,0,0,0,0
34,Michael Amir Murillo\Michael-Amir-Murillo,pa PAN,DF,NY Red Bulls,20,1996,17,15,1317,2,0,0,0,3,0,0.14,0,0.14,0.14,0.14
35,Vytas Andriuškevičius\Vytas-Andriuskevicius,lt LTU,DF,Portland,26,1990,23,19,1780,0,4,0,0,5,0,0,0.2,0.2,0,0.2
36,Benjamin Angoua\Benjamin-Angoua,ci CIV,DF,New England,30,1986,26,26,2310,1,0,0,0,7,0,0.04,0,0.04,0.04,0.04
37,Pele van Anholt\Pele-van-Anholt,nl NED,DF,LA Galaxy,25,1991,5,5,354,0,0,0,0,0,0,0,0,0,0,0
38,Jalil Anibaba\Jalil-Anibaba,us USA,DF,Houston,28,1988,8,4,465,0,0,0,0,0,0,0,0,0,0,0
39,Victor Arboleda\Victor-Arboleda,co COL,FWMF,Portland,20,1997,5,0,57,0,0,0,0,0,1,0,0,0,0,0
40,Hugo Arellano\Hugo-Arellano,us USA,DF,LA Galaxy,18,1998,4,4,333,0,0,0,0,1,0,0,0,0,0,0
41,Adrián Arregui\Adrian-Arregui,ar ARG,MF,Montreal,24,1992,6,3,239,0,1,0,0,1,0,0,0.38,0.38,0,0.38
42,Paul Arriola\Paul-Arriola,us USA,MF,D.C. United,21,1995,11,11,918,1,2,0,0,2,0,0.1,0.2,0.29,0.1,0.29
43,David Arshakyan\David-Arshakyan,am ARM,FW,Chicago,22,1994,7,0,29,0,0,0,0,1,0,0,0,0,0,0
44,Artur\Artur,br BRA,MF,Columbus,20,1996,24,19,1701,0,3,0,0,1,0,0,0.16,0.16,0,0.16
45,Yamil Asad\Yamil-Asad,ar ARG,MF,Atlanta,22,1994,32,31,2758,7,11,1,1,7,1,0.23,0.36,0.59,0.2,0.55
46,Dairon Asprilla\Dairon-Asprilla,co COL,MF,Portland,24,1992,27,17,1393,2,4,0,0,1,0,0.13,0.26,0.39,0.13,0.39
47,Jeff Attinella\Jeff-Attinella,us USA,GK,Portland,28,1988,14,13,1243,0,0,0,0,0,0,0,0,0,0,0
48,Kwame Awuah\Kwame-Awuah,ca CAN,DFMF,NYCFC,21,1995,4,0,28,0,0,0,0,0,0,0,0,0,0,0
49,Micheal Azira\Micheal-Azira,ug UGA,MF,Colorado,29,1987,30,28,2567,0,1,0,0,8,0,0,0.04,0.04,0,0.04
50,Dominique Badji\Dominique-Badji,sn SEN,FWMF,Colorado,24,1992,33,29,2533,9,4,0,1,5,0,0.32,0.14,0.46,0.32,0.46
51,Jack Barmby\Jack-Barmby,eng ENG,FWMF,Portland,22,1994,10,0,108,1,0,0,0,3,0,0.83,0,0.83,0.83,0.83
52,Giles Barnes\Giles-Barnes,jm JAM,MFFW,Orlando City,28,1988,34,23,2140,3,1,0,0,0,0,0.13,0.04,0.17,0.13,0.17
53,Chad Barrett\Chad-Barrett,us USA,FW,Real Salt Lake,31,1985,3,0,68,0,0,0,0,0,0,0,0,0,0,0
54,Michael Barrios\Michael-Barrios,co COL,MFFW,FC Dallas,25,1991,34,28,2562,3,12,0,0,5,0,0.11,0.42,0.53,0.11,0.53
55,Hadji Barry\Hadji-Barry,gn GUI,FWMF,Orlando City,24,1992,3,0,13,0,0,0,0,0,0,0,0,0,0,0
56,Jorge Bava\Jorge-Bava,uy URU,GK,Chicago,34,1982,8,8,720,0,0,0,0,1,0,0,0,0,0,0
57,DaMarcus Beasley\DaMarcus-Beasley,us USA,DF,Houston,34,1982,24,22,1986,0,0,0,0,0,0,0,0,0,0,0
58,Kyle Beckerman\Kyle-Beckerman,us USA,MF,Real Salt Lake,34,1982,26,26,2240,4,0,0,0,9,3,0.16,0,0.16,0.16,0.16
59,Alejandro Bedoya\Alejandro-Bedoya,us USA,MF,Philadelphia,29,1987,28,28,2508,2,3,0,1,6,0,0.07,0.11,0.18,0.07,0.18
60,Steven Beitashour\Steven-Beitashour,ir IRN,MFDF,Toronto FC,29,1987,22,17,1592,0,4,0,0,1,0,0,0.23,0.23,0,0.23
61,Louis Béland-Goyette\Louis-Beland-Goyette,ca CAN,MF,Montreal,21,1995,6,4,293,0,1,0,0,2,0,0,0.31,0.31,0,0.31
62,Kharlton Belmar\Kharlton-Belmar,us USA,FWMF,Sporting KC,24,1992,1,0,7,0,0,0,0,0,0,0,0,0,0,0
63,Tony Beltran\Tony-Beltran,us USA,DF,Real Salt Lake,29,1987,21,21,1818,1,1,0,0,3,0,0.05,0.05,0.1,0.05,0.1
64,Joe Bendik\Joe-Bendik,us USA,GK,Orlando City,27,1989,33,33,2970,0,0,0,0,1,0,0,0,0,0,0
65,Hernán Bernardello\Hernan-Bernardello,ar ARG,MF,Montreal,30,1986,22,17,1496,0,2,0,0,5,0,0,0.12,0.12,0,0.12
66,Víctor Bernárdez\Victor-Bernardez,hn HON,DF,San Jose,34,1982,25,25,2228,0,1,0,0,2,2,0,0.04,0.04,0,0.04
67,Patrice Bernier\Patrice-Bernier,ca CAN,MF,Montreal,37,1979,27,20,1795,2,3,1,1,1,0,0.1,0.15,0.25,0.05,0.2
68,Matt Besler\Matt-Besler,us USA,DF,Sporting KC,29,1987,26,26,2339,0,4,0,0,2,0,0,0.15,0.15,0,0.15
69,Vincent Bezecourt\Vincent-Bezecourt,fr FRA,MF,NY Red Bulls,23,1993,3,2,191,0,0,0,0,0,0,0,0,0,0,0
70,Justin Bilyeu\Justin-Bilyeu,us USA,DF,NY Red Bulls,22,1994,1,1,90,0,0,0,0,0,0,0,0,0,0,0
71,David Bingham\David-Bingham,us USA,GK,San Jose,27,1989,23,23,2070,0,1,0,0,3,0,0,0.04,0.04,0,0.04
72,Steve Birnbaum\Steve-Birnbaum,us USA,DF,D.C. United,26,1991,26,25,2248,0,0,0,0,2,0,0,0,0,0,0
73,Andre Blake\Andre-Blake,jm JAM,GK,Philadelphia,26,1990,26,26,2340,0,0,0,0,2,0,0,0,0,0,0
74,Sebastián Blanco\Sebastian-Blanco,ar ARG,MF,Portland,28,1988,33,32,2776,8,4,0,0,6,1,0.26,0.13,0.39,0.26,0.39
75,Latif Blessing\Latif-Blessing,gh GHA,FW,Sporting KC,20,1996,25,16,1420,3,1,0,0,3,0,0.19,0.06,0.25,0.19,0.25
76,Mark Bloom\Mark-Bloom,us USA,DF,Atlanta,29,1987,2,2,162,0,0,0,0,0,0,0,0,0,0,0
77,Emmanuel Boateng\Emmanuel-Boateng,gh GHA,MF,LA Galaxy,23,1994,34,29,2301,4,2,0,0,0,0,0.16,0.08,0.23,0.16,0.23
78,Christian Bolaños\Christian-Bolanos,cr CRC,MF,Vancouver,32,1984,21,18,1622,0,5,0,0,0,1,0,0.28,0.28,0,0.28
79,Deian Boldor\Deian-Boldor,ro ROU,DF,Montreal,21,1995,5,5,412,0,0,0,0,0,1,0,0,0,0,0
80,Alex Bono\Alex-Bono,us USA,GK,Toronto FC,22,1994,29,28,2571,0,1,0,0,2,0,0,0.04,0.04,0,0.04
81,Bobby Boswell\Bobby-Boswell,us USA,DF,D.C. United,33,1983,10,10,884,1,0,0,0,0,0,0.1,0,0.1,0.1,0.1
82,Bobby Boswell\Bobby-Boswell,us USA,DF,Atlanta,33,1983,1,0,8,0,0,0,0,0,0,0,0,0,0,0
83,Michael Boxall\Michael-Boxall,nz NZL,DF,Minnesota,28,1988,12,12,1080,0,0,0,0,2,0,0,0,0,0,0
84,Michael Bradley\Michael-Bradley,us USA,MF,Toronto FC,29,1987,30,30,2700,0,2,0,0,7,0,0,0.07,0.07,0,0.07
85,Frédéric Brillant\Frederic-Brillant,fr FRA,DF,NYCFC,31,1985,23,16,1529,1,1,0,0,3,0,0.06,0.06,0.12,0.06,0.12
86,Brandt Bronico\Brandt-Bronico,us USA,MF,Chicago,21,1995,4,0,57,0,0,0,0,0,0,0,0,0,0,0
87,Deshorn Brown\Deshorn-Brown,jm JAM,FW,D.C. United,26,1990,16,10,785,2,1,0,0,1,0,0.23,0.11,0.34,0.23,0.34
88,Will Bruin\Will-Bruin,us USA,FW,Seattle,27,1989,31,20,1824,11,2,0,0,1,0,0.54,0.1,0.64,0.54,0.64
89,Teal Bunbury\Teal-Bunbury,us USA,MFFW,New England,26,1990,28,13,1287,7,1,0,0,1,0,0.49,0.07,0.56,0.49,0.56
90,Marc Burch\Marc-Burch,us USA,DF,Colorado,32,1984,3,3,270,0,1,0,0,0,0,0,0.33,0.33,0,0.33
91,Marc Burch\Marc-Burch,us USA,DF,Minnesota,32,1984,15,14,1230,0,0,0,0,1,0,0,0,0,0,0
92,Bobby Burling\Bobby-Burling,us USA,DF,Colorado,32,1984,12,8,764,0,0,0,0,3,0,0,0,0,0,0
93,Julian Büscher\Julian-Buscher,de GER,MF,D.C. United,23,1993,7,2,183,0,0,0,0,0,0,0,0,0,0,0
94,Evan Bush\Evan-Bush,us USA,GK,Montreal,30,1986,31,31,2790,0,0,0,0,2,0,0,0,0,0,0
95,Víctor Cabrera\Victor-Cabrera,ar ARG,DF,Montreal,23,1993,20,18,1496,0,0,0,0,6,1,0,0,0,0,0
96,Scott Caldwell\Scott-Caldwell,us USA,MF,New England,25,1991,33,26,2191,1,2,0,0,2,0,0.04,0.08,0.12,0.04,0.12
97,Alexander Callens\Alexander-Callens,pe PER,DF,NYCFC,24,1992,34,34,3060,2,0,0,0,4,0,0.06,0,0.06,0.06,0.06
98,Caleb Calvert\Caleb-Calvert,us USA,FW,Colorado,20,1996,12,3,405,1,0,0,0,2,2,0.22,0,0.22,0.22,0.22
99,Francisco Calvo\Francisco-Calvo,cr CRC,DF,Minnesota,24,1992,27,27,2430,2,1,0,0,5,0,0.07,0.04,0.11,0.07,0.11
100,Hassoun Camara\Hassoun-Camara,sn SEN,DFMF,Montreal,32,1984,18,16,1347,0,0,0,0,4,2,0,0,0,0,0
101,Miguel Camargo\Miguel-Camargo,pa PAN,FW,NYCFC,23,1993,8,2,180,1,0,0,0,1,0,0.5,0,0.5,0.5,0.5
102,Jonathan Campbell\Jonathan-Campbell,us USA,DF,Chicago,23,1993,24,8,1021,0,0,0,0,2,0,0,0,0,0,0
103,Reggie Cannon\Reggie-Cannon,us USA,DF,FC Dallas,18,1998,1,0,1,0,0,0,0,0,0,0,0,0,0,0
104,Russell Canouse\Russell-Canouse,us USA,MF,D.C. United,21,1995,10,10,867,0,1,0,0,3,0,0,0.1,0.1,0,0.1
105,Andrew Carleton\Andrew-Carleton,us USA,MF,Atlanta,16,2000,1,0,5,0,0,0,0,0,0,0,0,0,0,0
106,Carlos Carmona\Carlos-Carmona,cl CHI,MF,Atlanta,29,1987,31,30,2683,2,1,0,0,8,1,0.07,0.03,0.1,0.07,0.1
107,Servando Carrasco\Servando-Carrasco,us USA,MF,Orlando City,28,1988,15,9,831,1,0,0,0,2,2,0.11,0,0.11,0.11,0.11
108,Brian Carroll\Brian-Carroll,us USA,MF,Philadelphia,35,1981,1,0,45,0,0,0,0,0,0,0,0,0,0,0
109,Dennis Castillo\Dennis-Castillo,cr CRC,DF,Colorado,23,1993,3,3,243,0,0,0,0,1,0,0,0,0,0,0
110,Cordell Cato\Cordell-Cato,tt TRI,DFMF,San Jose,24,1992,15,13,1135,0,0,0,0,0,0,0,0,0,0,0
111,Darwin Cerén\Darwin-Ceren,sv SLV,MF,San Jose,27,1989,21,19,1643,0,1,0,0,2,3,0,0.05,0.05,0,0.05
112,Carlos Cermeño\Carlos-Cermeno,ve VEN,MF,FC Dallas,21,1995,8,3,318,0,0,0,0,2,0,0,0,0,0,0
113,Maxime Chanot\Maxime-Chanot,lu LUX,DF,NYCFC,27,1989,19,19,1710,2,0,0,0,3,0,0.11,0,0.11,0.11,0.11
114,Jay Chapman\Jay-Chapman,ca CAN,MFFW,Toronto FC,23,1994,12,3,391,1,0,0,0,0,0,0.23,0,0.23,0.23,0.23
115,Diego Chará\Diego-Chara,co COL,MF,Portland,30,1986,29,29,2529,1,1,0,0,8,1,0.04,0.04,0.07,0.04,0.07
116,Benoît Cheyrou\Benoit-Cheyrou,fr FRA,MF,Toronto FC,35,1981,13,7,619,1,0,0,0,1,0,0.15,0,0.15,0.15,0.15
117,David Choinière\David-Choiniere,ca CAN,FW,Montreal,19,1997,3,0,37,0,0,0,0,0,0,0,0,0,0,0
118,Michaël Ciani\Michael-Ciani,fr FRA,DF,LA Galaxy,32,1984,6,6,540,1,0,0,0,3,0,0.17,0,0.17,0.17,0.17
119,Laurent Ciman\Laurent-Ciman,be BEL,DF,Montreal,31,1985,30,30,2700,0,1,0,0,6,0,0,0.03,0.03,0,0.03
120,Ricardo Clark\Ricardo-Clark,us USA,MF,Houston,33,1983,28,26,2245,0,0,0,0,6,0,0,0,0,0,0
121,Steve Clark\Steve-Clark,us USA,GK,D.C. United,30,1986,5,5,450,0,0,0,0,1,0,0,0,0,0,0
122,Ashley Cole\Ashley-Cole,eng ENG,DF,LA Galaxy,36,1980,29,29,2498,1,2,0,0,0,1,0.04,0.07,0.11,0.04,0.11
123,Aurélien Collin\Aurelien-Collin,fr FRA,DF,NY Red Bulls,30,1986,9,7,545,0,0,0,0,2,0,0,0,0,0,0
124,Cristian Colmán\Cristian-Colman,py PAR,FW,FC Dallas,22,1994,26,10,966,2,1,0,0,1,0,0.19,0.09,0.28,0.19,0.28
125,Drew Conner\Drew-Conner,us USA,MFDF,Chicago,22,1994,21,8,890,0,0,0,0,0,0,0,0,0,0,0
126,Armando Cooper\Armando-Cooper,pa PAN,MFFW,Toronto FC,29,1987,19,10,908,0,1,0,0,2,0,0,0.1,0.1,0,0.1
127,Coy Craft\Coy-Craft,us USA,FWMF,FC Dallas,19,1997,1,0,12,0,0,0,0,0,0,0,0,0,0,0
128,Warren Creavalle\Warren-Creavalle,us USA,MF,Philadelphia,26,1990,13,5,549,0,0,0,0,2,0,0,0,0,0,0
129,Maxime Crépeau\Maxime-Crepeau,ca CAN,GK,Montreal,22,1994,3,3,270,0,0,0,0,1,0,0,0,0,0,0
130,Alex Crognale\Alex-Crognale,us USA,DF,Columbus,22,1994,17,12,1071,0,1,0,0,1,0,0,0.08,0.08,0,0.08
131,Sam Cronin\Sam-Cronin,us USA,MF,Colorado,30,1986,3,3,261,0,0,0,0,2,0,0,0,0,0,0
132,Sam Cronin\Sam-Cronin,us USA,MF,Minnesota,30,1986,18,18,1549,0,1,0,0,3,0,0,0.06,0.06,0,0.06
133,Cody Cropper\Cody-Cropper,us USA,GK,New England,23,1993,28,28,2520,0,0,0,0,0,0,0,0,0,0,0
134,Abu Danladi\Abu-Danladi,gh GHA,FWMF,Minnesota,21,1995,27,15,1393,8,2,0,0,4,1,0.52,0.13,0.65,0.52,0.65
135,Juan David Cabezas\Juan-David-Cabezas,co COL,MF,Houston,25,1991,27,26,2229,1,0,0,0,7,0,0.04,0,0.04,0.04,0.04
136,Alphonso Davies\Alphonso-Davies,ca CAN,MF,Vancouver,16,2000,26,9,1065,0,1,0,0,1,0,0,0.08,0.08,0,0.08
137,Charlie Davies\Charlie-Davies,us USA,FW,Philadelphia,30,1986,3,0,26,0,0,0,0,0,0,0,0,0,0,0
138,Justin Davis\Justin-Davis,us USA,DF,Minnesota,28,1988,8,5,495,0,0,0,0,0,1,0,0,0,0,0
139,Sean Davis\Sean-Davis,us USA,MFFW,NY Red Bulls,23,1993,27,21,1788,2,2,0,0,5,0,0.1,0.1,0.2,0.1,0.2
140,Simon Dawkins\Simon-Dawkins,jm JAM,MF,San Jose,29,1987,14,7,639,0,0,0,0,0,0,0,0,0,0,0
141,Christian Dean\Christian-Dean,us USA,DF,Vancouver,23,1993,3,3,238,0,0,0,0,1,0,0,0,0,0,0
142,Christian Dean\Christian-Dean,us USA,DF,Chicago,23,1993,3,2,221,0,0,0,0,0,0,0,0,0,0,0
143,A.J. DeLaGarza\AJ-DeLaGarza,gu GUM,DF,Houston,29,1987,30,30,2622,0,3,0,0,8,0,0,0.1,0.1,0,0.1
144,Antonio Delamea Mlinar\Antonio-Delamea-Mlinar,si SVN,DF,New England,25,1991,29,29,2546,1,2,0,0,6,1,0.04,0.07,0.11,0.04,0.11
145,Jordy Delem\Jordy-Delem,mq MTQ,DFMF,Seattle,23,1993,14,9,755,0,0,0,0,3,0,0,0,0,0,0
146,Nick DeLeon\Nick-DeLeon,us USA,DFMF,D.C. United,26,1990,19,18,1591,0,0,0,0,3,0,0,0,0,0,0
147,Marky Delgado\Marky-Delgado,us USA,MF,Toronto FC,21,1995,26,25,2063,3,2,0,0,1,1,0.13,0.09,0.22,0.13,0.22
148,Vadim Demidov\Vadim-Demidov,no NOR,DF,Minnesota,30,1986,3,3,270,0,0,0,0,0,0,0,0,0,0,0
149,Clint Dempsey\Clint-Dempsey,us USA,MFFW,Seattle,33,1983,29,25,2278,12,4,2,3,3,1,0.47,0.16,0.63,0.4,0.55
150,Nick DePuy\Nick-DePuy,us USA,FW,Montreal,22,1994,5,1,131,0,0,0,0,0,0,0,0,0,0,0
151,Tyler Deric\Tyler-Deric,us USA,GK,Houston,28,1988,26,26,2340,0,0,0,0,2,0,0,0,0,0,0
152,Bradley Diallo\Bradley-Diallo,fr FRA,DF,LA Galaxy,26,1990,18,15,1383,0,0,0,0,7,2,0,0,0,0,0
153,Mauro Díaz\Mauro-Diaz,ar ARG,MF,FC Dallas,25,1991,19,13,1104,2,3,2,3,0,0,0.16,0.24,0.41,0,0.24
154,Claude Dielna\Claude-Dielna,GPE,DF,New England,29,1987,11,11,945,0,0,0,0,4,0,0,0,0,0,0
155,Clément Diop\Clement-Diop,sn SEN,GK,LA Galaxy,23,1993,14,14,1260,0,0,0,0,1,1,0,0,0,0,0
156,Marco Donadel\Marco-Donadel,it ITA,MF,Montreal,33,1983,19,18,1419,2,1,0,0,3,1,0.13,0.06,0.19,0.13,0.19
157,Patrick Doody\Patrick-Doody,us USA,DF,Chicago,24,1992,7,7,628,0,4,0,0,0,0,0,0.57,0.57,0,0.57
158,Giovani dos Santos\Giovani-dos-Santos,mx MEX,FWMF,LA Galaxy,27,1989,25,25,2186,6,3,3,3,3,0,0.25,0.12,0.37,0.12,0.25
159,Jonathan dos Santos\Jonathan-dos-Santos,mx MEX,MF,LA Galaxy,26,1990,12,11,1004,1,0,0,0,4,0,0.09,0,0.09,0.09,0.09
160,Kevin Doyle\Kevin-Doyle,ie IRL,FWMF,Colorado,33,1983,25,23,1963,5,3,1,1,5,0,0.23,0.14,0.37,0.18,0.32
161,Dilly Duka\Dilly-Duka,us USA,MFFW,NY Red Bulls,27,1989,3,2,150,0,0,0,0,0,0,0,0,0,0,0
162,Reagan Dunk\Reagan-Dunk,us USA,DF,Real Salt Lake,22,1994,3,2,174,0,0,0,0,0,0,0,0,0,0,0
163,Chris Duvall\Chris-Duvall,us USA,DF,Montreal,25,1991,27,25,2207,1,2,0,0,5,1,0.04,0.08,0.12,0.04,0.12
164,Dom Dwyer\Dom-Dwyer,us USA,FW,Orlando City,26,1990,12,11,973,4,4,0,0,0,0,0.37,0.37,0.74,0.37,0.74
165,Dom Dwyer\Dom-Dwyer,us USA,FW,Sporting KC,26,1990,15,14,1271,5,0,0,0,4,0,0.35,0,0.35,0.35,0.35
166,Andrew Dykstra\Andrew-Dykstra,us USA,GK,Sporting KC,31,1986,4,3,302,0,0,0,0,1,0,0,0,0,0,0
167,Blerim Džemaili\Blerim-Dzemaili,ch SUI,MF,Montreal,30,1986,22,22,1936,7,10,0,0,8,0,0.33,0.46,0.79,0.33,0.79
168,Jeremy Ebobisse\Jeremy-Ebobisse,us USA,FW,Portland,19,1997,14,2,326,1,3,0,0,0,0,0.28,0.83,1.1,0.28,1.1
169,Earl Edwards Jr.\Earl-Edwards-Jr,us USA,GK,Orlando City,25,1992,1,1,90,0,0,0,0,0,0,0,0,0,0,0
170,Raheem Edwards\Raheem-Edwards,ca CAN,MFDF,Toronto FC,21,1995,21,10,1065,1,4,0,0,1,0,0.08,0.34,0.42,0.08,0.42
171,Alberth Elis\Alberth-Elis,hn HON,FWMF,Houston,20,1996,26,18,1641,10,3,1,1,8,0,0.55,0.16,0.71,0.49,0.66
172,Jack Elliott\Jack-Elliott,eng ENG,DF,Philadelphia,21,1995,30,29,2619,1,1,0,0,4,0,0.03,0.03,0.07,0.03,0.07
173,Kevin Ellis\Kevin-Ellis,us USA,DF,Sporting KC,25,1991,5,5,450,0,0,0,0,1,0,0,0,0,0,0
174,Tsubasa Endoh\Tsubasa-Endoh,jp JPN,MFDF,Toronto FC,23,1993,4,3,268,0,1,0,0,0,0,0,0.34,0.34,0,0.34
175,Marcus Epps\Marcus-Epps,us USA,MF,Philadelphia,22,1995,19,7,716,2,0,0,0,0,0,0.25,0,0.25,0.25,0.25
176,José Escalante\Jose-Escalante,hn HON,MF,Houston,21,1995,3,0,27,0,0,0,0,0,0,0,0,0,0,0
177,Fidel Escobar\Fidel-Escobar,pa PAN,DF,NY Red Bulls,22,1995,6,5,483,0,0,0,0,2,0,0,0,0,0,0
178,Roger Espinoza\Roger-Espinoza,hn HON,MF,Sporting KC,30,1986,30,30,2677,1,2,0,0,9,2,0.03,0.07,0.1,0.03,0.1
179,Derrick Etienne\Derrick-Etienne,ht HAI,FWMF,NY Red Bulls,20,1996,18,8,706,0,2,0,0,2,0,0,0.25,0.25,0,0.25
180,Brad Evans\Brad-Evans,us USA,DFMF,Seattle,31,1985,11,6,479,1,0,0,0,0,1,0.19,0,0.19,0.19,0.19
181,Fabinho\Fabinho,br BRA,DF,Philadelphia,31,1985,22,21,1902,0,1,0,0,4,0,0,0.05,0.05,0,0.05
182,Diego Fagúndez\Diego-Fagundez,uy URU,MFFW,New England,21,1995,32,27,2432,7,7,0,0,2,0,0.26,0.26,0.52,0.26,0.52
183,Marco Farfan\Marco-Farfan,us USA,DF,Portland,18,1998,6,5,403,0,0,0,0,0,0,0,0,0,0,0
184,Andrew Farrell\Andrew-Farrell,us USA,DF,New England,24,1992,30,30,2662,0,3,0,0,5,1,0,0.1,0.1,0,0.1
185,Benny Feilhaber\Benny-Feilhaber,us USA,MF,Sporting KC,32,1985,30,24,2267,5,1,2,2,4,0,0.2,0.04,0.24,0.12,0.16
186,Felipe\Felipe,br BRA,MF,NY Red Bulls,26,1990,33,33,2960,2,3,0,0,5,0,0.06,0.09,0.15,0.06,0.15
187,Gerso Fernandes\Gerso-Fernandes,gw GNB,FW,Sporting KC,25,1991,32,26,2233,8,2,0,0,4,0,0.32,0.08,0.4,0.32,0.4
188,Álvaro Fernández\Alvaro-Fernandez,uy URU,MF,Seattle,31,1985,10,5,494,0,0,0,0,1,0,0,0,0,0,0
189,Jesus Ferreira\Jesus-Ferreira,us USA,FWMF,FC Dallas,16,2000,1,0,20,1,0,0,0,0,0,4.5,0,4.5,4.5,4.5
190,Maynor Figueroa\Maynor-Figueroa,hn HON,DF,FC Dallas,33,1983,26,26,2324,3,0,0,0,7,0,0.12,0,0.12,0.12,0.12
191,Ethan Finlay\Ethan-Finlay,us USA,MF,Minnesota,26,1990,11,11,977,3,2,0,0,1,0,0.28,0.18,0.46,0.28,0.46
192,Ethan Finlay\Ethan-Finlay,us USA,MFFW,Columbus,26,1990,19,14,1283,1,1,0,0,2,0,0.07,0.07,0.14,0.07,0.14
193,Kyle Fisher\Kyle-Fisher,us USA,DF,Montreal,22,1994,20,15,1459,1,0,0,0,3,0,0.06,0,0.06,0.06,0.06
194,Oniel Fisher\Oniel-Fisher,jm JAM,DF,Seattle,25,1991,9,7,537,0,0,0,0,1,0,0,0,0,0,0
195,Mike da Fonte\Mike-da-Fonte,us USA,DF,Colorado,25,1991,17,14,1224,0,0,0,0,5,0,0,0,0,0,0
196,Kortne Ford\Kortne-Ford,us USA,DF,Colorado,21,1996,20,19,1725,1,0,0,0,4,0,0.05,0,0.05,0.05,0.05
197,Shaun Francis\Shaun-Francis,jm JAM,DFMF,Montreal,30,1986,6,4,377,0,0,0,0,0,0,0,0,0,0,0
198,Shaun Francis\Shaun-Francis,jm JAM,DF,San Jose,30,1986,8,8,689,0,0,0,0,1,0,0,0,0,0,0
199,Waylon Francis\Waylon-Francis,cr CRC,MFDF,Columbus,26,1990,12,10,852,0,2,0,0,0,0,0,0.21,0.21,0,0.21
200,Sean Franklin\Sean-Franklin,us USA,DF,D.C. United,31,1985,19,15,1419,0,2,0,0,5,0,0,0.13,0.13,0,0.13
201,Stefan Frei\Stefan-Frei,ch SUI,GK,Seattle,30,1986,33,33,2970,0,0,0,0,2,0,0,0,0,0,0
202,Ray Gaddis\Ray-Gaddis,us USA,DF,Philadelphia,27,1990,26,23,2027,0,0,0,0,5,0,0,0,0,0,0
203,Boniek García\Boniek-Garcia,hn HON,MFDF,Houston,32,1984,20,12,1168,0,4,0,0,4,0,0,0.31,0.31,0,0.31
204,Kevin Garcia\Kevin-Garcia,us USA,DF,Houston,26,1990,3,2,212,0,0,0,0,1,0,0,0,0,0,0
205,Rafael Garcia\Rafael-Garcia,us USA,MFDF,LA Galaxy,28,1988,18,12,1186,0,0,0,0,1,0,0,0,0,0,0
206,Greg Garza\Greg-Garza,us USA,DF,Atlanta,25,1991,26,25,2149,2,4,0,0,2,0,0.08,0.17,0.25,0.08,0.25
207,Shkëlzen Gashi\Shkelzen-Gashi,al ALB,MFFW,Colorado,28,1988,17,12,1034,2,1,0,0,1,0,0.17,0.09,0.26,0.17,0.26
208,Josh Gatt\Josh-Gatt,us USA,MF,Colorado,25,1991,20,11,1068,2,2,0,0,3,0,0.17,0.17,0.34,0.17,0.34
209,Ali Ghazal\Ali-Ghazal,eg EGY,MF,Vancouver,24,1992,7,7,630,0,0,0,0,0,0,0,0,0,0,0
210,Luis Gil\Luis-Gil,us USA,MF,Orlando City,23,1993,17,6,603,0,0,0,0,1,0,0,0,0,0,0
211,Luis Gil\Luis-Gil,us USA,MF,Colorado,23,1993,4,3,255,0,0,0,0,0,0,0,0,0,0,0
212,Sebastian Giovinco\Sebastian-Giovinco,it ITA,FW,Toronto FC,30,1987,25,25,2054,16,6,1,3,4,0,0.7,0.26,0.96,0.66,0.92
213,Justen Glad\Justen-Glad,us USA,DF,Real Salt Lake,19,1997,18,18,1620,0,0,0,0,2,0,0,0,0,0,0
214,Jake Gleeson\Jake-Gleeson,nz NZL,GK,Portland,26,1990,21,21,1817,0,0,0,0,0,0,0,0,0,0,0
215,Aníbal Godoy\Anibal-Godoy,pa PAN,MF,San Jose,26,1990,26,24,2134,2,0,0,0,10,2,0.08,0,0.08,0.08,0.08
216,Leandro González Pirez\Leandro-Gonzalez-Pirez,ar ARG,DF,Atlanta,24,1992,32,32,2810,1,3,0,0,10,1,0.03,0.1,0.13,0.03,0.13
217,Jesse Gonzalez\Jesse-Gonzalez,mx MEX,GK,FC Dallas,21,1995,29,29,2610,0,0,0,0,3,0,0,0,0,0,0
218,Luis González\Luis-Gonzalez,ve VEN,FWMF,FC Dallas,26,1990,2,0,10,0,0,0,0,0,0,0,0,0,0,0
219,John Goossens\John-Goossens,nl NED,FW,Chicago,28,1988,1,1,89,0,0,0,0,1,0,0,0,0,0,0
220,Alan Gordon\Alan-Gordon,us USA,FW,Colorado,35,1981,26,6,828,3,3,0,0,5,2,0.33,0.33,0.65,0.33,0.65
221,Hernán Grana\Hernan-Grana,ar ARG,DF,FC Dallas,31,1985,30,30,2657,1,3,0,0,8,0,0.03,0.1,0.14,0.03,0.14
222,Joseph Greenspan\Joseph-Greenspan,us USA,DF,Minnesota,24,1992,4,3,236,0,0,0,0,1,2,0,0,0,0,0
223,Kyle Greig\Kyle-Greig,us USA,FW,Vancouver,26,1990,1,0,3,0,0,0,0,0,0,0,0,0,0,0
224,Mike Grella\Mike-Grella,us USA,MF,NY Red Bulls,30,1987,8,3,363,0,0,0,0,0,0,0,0,0,0,0
225,Julian Gressel\Julian-Gressel,de GER,MF,Atlanta,23,1993,32,24,2040,5,9,0,0,4,0,0.22,0.4,0.62,0.22,0.62
226,Carlos Gruezo\Carlos-Gruezo,ec ECU,MF,FC Dallas,21,1995,31,30,2610,0,3,0,0,7,1,0,0.1,0.1,0,0.1
227,Aaron Guillen\Aaron-Guillen,us USA,DF,FC Dallas,23,1993,6,4,374,0,0,0,0,2,0,0,0,0,0,0
228,José Guillermo Ortiz\Jose-Guillermo-Ortiz,cr CRC,FW,D.C. United,24,1992,16,7,672,1,0,0,0,1,0,0.13,0,0.13,0.13,0.13
229,Fredrik Gulbrandsen\Fredrik-Gulbrandsen,no NOR,FWMF,NY Red Bulls,24,1992,12,4,367,0,1,0,0,2,0,0,0.25,0.25,0,0.25
230,Brad Guzan\Brad-Guzan,us USA,GK,Atlanta,32,1984,14,14,1260,0,0,0,0,0,0,0,0,0,0,0
231,David Guzmán\David-Guzman,cr CRC,MF,Portland,26,1990,25,24,2024,1,6,0,1,11,0,0.04,0.27,0.31,0.04,0.31
232,Nick Hagglund\Nick-Hagglund,us USA,DF,Toronto FC,24,1992,15,13,1123,0,0,0,0,2,0,0,0,0,0,0
233,Marlon Hairston\Marlon-Hairston,us USA,MFDF,Colorado,22,1994,34,29,2600,3,4,0,0,2,0,0.1,0.14,0.24,0.1,0.24
234,Bill Hamid\Bill-Hamid,us USA,GK,D.C. United,26,1990,24,24,2160,0,0,0,0,0,0,0,0,0,0,0
235,Jordan Hamilton\Jordan-Hamilton,ca CAN,FW,Toronto FC,20,1996,8,0,149,2,1,0,0,0,0,1.21,0.6,1.81,1.21,1.81
236,Sam Hamilton\Sam-Hamilton,us USA,MF,Colorado,21,1995,3,1,125,0,0,0,0,1,0,0,0,0,0,0
237,Niko Hansen\Niko-Hansen,dk DEN,MF,Columbus,22,1994,14,3,409,1,2,0,0,0,0,0.22,0.44,0.66,0.22,0.66
238,Harold Hanson\Harold-Hanson,us USA,DF,Portland,17,1999,1,0,2,0,0,0,0,0,0,0,0,0,0,0
239,Ian Harkes\Ian-Harkes,us USA,MF,D.C. United,21,1995,25,22,1948,2,1,0,0,2,0,0.09,0.05,0.14,0.09,0.14
240,Michael Harrington\Michael-Harrington,us USA,DFMF,Chicago,31,1986,9,9,797,0,0,0,0,0,0,0,0,0,0,0
241,Atiba Harris\Atiba-Harris,kn SKN,DF,FC Dallas,32,1985,29,21,2028,2,1,0,0,7,0,0.09,0.04,0.13,0.09,0.13
242,Jack Harrison\Jack-Harrison,eng ENG,FWMF,NYCFC,20,1996,34,33,2745,10,3,0,0,3,1,0.33,0.1,0.43,0.33,0.43
243,Jordan Harvey\Jordan-Harvey,us USA,DF,Vancouver,33,1984,28,28,2508,1,1,0,0,3,0,0.04,0.04,0.07,0.04,0.07
244,Nicolas Hasler\Nicolas-Hasler,li LIE,MFDF,Toronto FC,25,1991,10,9,747,3,1,0,0,1,0,0.36,0.12,0.48,0.36,0.48
245,Jacori Hayes\Jacori-Hayes,us USA,MF,FC Dallas,21,1995,3,2,91,0,0,0,0,1,2,0,0,0,0,0
246,Harrison Heath\Harrison-Heath,us USA,MF,Atlanta,20,1996,1,0,1,0,0,0,0,0,0,0,0,0,0,0
247,Matt Hedges\Matt-Hedges,us USA,DF,FC Dallas,26,1990,27,27,2424,2,0,0,0,7,0,0.07,0,0.07,0.07,0.07
248,Fabian Herbers\Fabian-Herbers,de GER,MF,Philadelphia,23,1993,12,4,399,1,1,0,0,1,0,0.23,0.23,0.45,0.23,0.45
249,Jason Hernandez\Jason-Hernandez,pr PUR,DFFW,Toronto FC,33,1983,8,5,529,0,0,0,0,0,0,0,0,0,0,0
250,Jose Hernandez\Jose-Hernandez,us USA,MF,Real Salt Lake,20,1996,7,1,166,1,0,0,0,1,0,0.54,0,0.54,0.54,0.54
251,Yangel Herrera\Yangel-Herrera,ve VEN,MF,NYCFC,19,1998,18,14,1225,1,2,0,0,7,2,0.07,0.15,0.22,0.07,0.22
252,Federico Higuaín\Federico-Higuain,ar ARG,MF,Columbus,32,1984,26,26,2230,9,9,2,3,3,0,0.36,0.36,0.73,0.28,0.65
253,Cristian Higuita\Cristian-Higuita,co COL,MF,Orlando City,23,1994,26,18,1549,0,2,0,0,9,0,0,0.12,0.12,0,0.12
254,Seb Hines\Seb-Hines,eng ENG,DF,Orlando City,28,1988,6,5,445,1,0,0,0,1,1,0.2,0,0.2,0.2,0.2
255,Danny Hoesen\Danny-Hoesen,nl NED,FWMF,San Jose,26,1991,32,20,1843,5,5,0,0,1,0,0.24,0.24,0.49,0.24,0.49
256,Joe Holland\Joe-Holland,eng ENG,MF,Houston,23,1993,5,0,25,0,0,0,0,0,0,0,0,0,0,0
257,Femi Hollinger-Janzen\Femi-Hollinger-Janzen,bj BEN,MF,New England,23,1993,13,1,156,0,0,0,0,0,0,0,0,0,0,0
258,Ryan Hollingshead\Ryan-Hollingshead,us USA,DFMF,FC Dallas,25,1991,18,9,828,0,0,0,0,0,0,0,0,0,0,0
259,Omar Holness\Omar-Holness,jm JAM,MF,Real Salt Lake,22,1994,9,3,264,1,0,0,0,1,0,0.34,0,0.34,0.34,0.34
260,David Horst\David-Horst,us USA,DF,Real Salt Lake,31,1985,12,8,884,0,1,0,0,4,0,0,0.1,0.1,0,0.1
261,Tim Howard\Tim-Howard,us USA,GK,Colorado,37,1979,25,25,2250,0,0,0,0,1,0,0,0,0,0,0
262,Walker Hume\Walker-Hume,us USA,DF,FC Dallas,23,1993,2,2,180,0,0,0,0,1,0,0,0,0,0,0
263,Erik Hurtado\Erik-Hurtado,us USA,FW,Vancouver,26,1990,15,7,525,3,2,0,0,0,0,0.51,0.34,0.86,0.51,0.86
264,Baggio Husidić\Baggio-Husidic,ba BIH,MF,LA Galaxy,29,1987,10,5,447,0,0,0,0,0,0,0,0,0,0,0
265,Jahmir Hyka\Jahmir-Hyka,al ALB,MF,San Jose,28,1988,30,21,1866,3,3,0,0,0,0,0.14,0.14,0.29,0.14,0.29
266,Miguel Ibarra\Miguel-Ibarra,us USA,MF,Minnesota,26,1990,29,20,1759,3,3,0,0,2,0,0.15,0.15,0.31,0.15,0.31
267,Bernie Ibini-Isei\Bernie-Ibini-Isei,au AUS,MFFW,Vancouver,24,1992,17,7,632,1,1,0,0,0,0,0.14,0.14,0.28,0.14,0.28
268,Ibson\Ibson,br BRA,MF,Minnesota,33,1983,31,29,2658,0,2,0,0,6,0,0,0.07,0.07,0,0.07
269,Nosa Igiebor\Nosa-Igiebor,ng NGA,MF,Vancouver,26,1990,1,1,72,0,0,0,0,1,0,0,0,0,0,0
270,Ilsinho\Ilsinho,br BRA,MF,Philadelphia,31,1985,27,24,1832,6,3,0,0,4,0,0.29,0.15,0.44,0.29,0.44
271,Andrés Imperiale\Andres-Imperiale,ar ARG,DF,San Jose,30,1986,13,12,1112,0,0,0,0,7,0,0,0,0,0,0
272,Clint Irwin\Clint-Irwin,us USA,GK,Toronto FC,27,1989,6,6,489,0,0,0,0,0,0,0,0,0,0,0
273,R. J. Allen\R-J-Allen,us USA,DF,NYCFC,26,1990,15,10,1010,0,2,0,0,3,0,0,0.18,0.18,0,0.18
274,Anthony Jackson-Hamel\Anthony-Jackson-Hamel,ca CAN,FW,Montreal,23,1993,21,11,1144,9,3,0,0,0,0,0.71,0.24,0.94,0.71,0.94
275,Andrew Jacobson\Andrew-Jacobson,us USA,MFDF,Vancouver,31,1985,21,19,1702,2,2,0,0,2,0,0.11,0.11,0.21,0.11,0.21
276,Adam Jahn\Adam-Jahn,us USA,FW,Columbus,26,1991,21,1,332,1,1,0,0,3,0,0.27,0.27,0.54,0.27,0.54
277,Bradford Jamieson IV\Bradford-Jamieson-IV,us USA,MFFW,LA Galaxy,20,1996,24,11,989,3,1,0,0,2,0,0.27,0.09,0.36,0.27,0.36
278,Jared Jeffrey\Jared-Jeffrey,us USA,MF,D.C. United,26,1990,23,19,1618,1,0,0,0,4,0,0.06,0,0.06,0.06,0.06
279,Hector Jiménez\Hector-Jimenez,us USA,DFMF,Columbus,28,1988,19,15,1361,0,3,0,0,1,0,0,0.2,0.2,0,0.2
280,Eirik Johansen\Eirik-Johansen,no NOR,GK,NYCFC,24,1992,2,2,180,0,0,0,0,0,0,0,0,0,0,0
281,Daniel Johnson\Daniel-Johnson,us USA,MF,Chicago,21,1995,8,0,133,0,0,0,0,0,0,0,0,0,0,0
282,Sean Johnson\Sean-Johnson,us USA,GK,NYCFC,27,1989,32,32,2880,0,0,0,0,1,0,0,0,0,0,0
283,Will Johnson\Will-Johnson,ca CAN,MFDF,Orlando City,30,1987,26,23,2056,2,3,0,0,6,0,0.09,0.13,0.22,0.09,0.22
284,Ismaila Jome\Ismaila-Jome,us USA,DFMF,Minnesota,22,1994,12,7,675,0,0,0,0,3,0,0,0,0,0,0
285,Derrick Jones\Derrick-Jones,us USA,MF,Philadelphia,19,1997,12,8,705,0,0,0,0,1,1,0,0,0,0,0
286,Jermaine Jones\Jermaine-Jones,us USA,MF,LA Galaxy,35,1981,20,19,1588,1,4,0,0,8,1,0.06,0.23,0.28,0.06,0.28
287,Joevin Jones\Joevin-Jones,tt TRI,DFMF,Seattle,25,1991,30,28,2446,1,9,0,0,4,2,0.04,0.33,0.37,0.04,0.37
288,Kenwyne Jones\Kenwyne-Jones,tt TRI,FW,Atlanta,32,1984,17,5,509,2,0,0,0,0,0,0.35,0,0.35,0.35,0.35
289,Marcel de Jong\Marcel-de-Jong,ca CAN,DFMF,Vancouver,30,1986,13,9,779,0,1,0,0,1,0,0,0.12,0.12,0,0.12
290,Igor Julião\Igor-Juliao,br BRA,DF,Sporting KC,22,1994,1,1,45,0,0,0,0,1,0,0,0,0,0,0
291,Florian Jungwirth\Florian-Jungwirth,de GER,DF,San Jose,28,1989,30,30,2598,2,3,0,0,4,0,0.07,0.1,0.17,0.07,0.17
292,Vitor Junior\Vitor-Junior,br BRA,MF,Chicago,28,1989,21,17,1526,1,1,0,0,3,2,0.06,0.06,0.12,0.06,0.12
293,Bashkim Kadrii\Bashkim-Kadrii,dk DEN,MFFW,Minnesota,25,1991,11,5,425,0,0,0,0,0,0,0,0,0,0,0
294,Kaká\Kaka,br BRA,MFFW,Orlando City,34,1982,23,18,1564,6,4,0,0,6,1,0.35,0.23,0.58,0.35,0.58
295,Brent Kallman\Brent-Kallman,us USA,DF,Minnesota,26,1990,23,23,1937,2,0,0,0,7,0,0.09,0,0.09,0.09,0.09
296,Alhaji Kamara\Alhaji-Kamara,sl SLE,FW,D.C. United,22,1994,1,0,15,0,0,0,0,0,0,0,0,0,0,0
297,Kei Kamara\Kei-Kamara,sl SLE,FW,New England,32,1984,31,27,2360,12,4,0,0,4,0,0.46,0.15,0.61,0.46,0.61
298,Ola Kamara\Ola-Kamara,no NOR,FW,Columbus,27,1989,34,33,2859,18,3,2,3,0,0,0.57,0.09,0.66,0.5,0.6
299,Alec Kann\Alec-Kann,us USA,GK,Atlanta,26,1990,18,18,1620,0,1,0,0,3,0,0,0.06,0.06,0,0.06
300,Johan Kappelhof\Johan-Kappelhof,nl NED,DF,Chicago,26,1990,33,33,2881,0,2,0,0,5,1,0,0.06,0.06,0,0.06
301,Muhamed Keita\Muhamed-Keita,no NOR,MF,NY Red Bulls,26,1990,6,2,192,0,1,0,0,1,0,0,0.47,0.47,0,0.47
302,Taylor Kemp\Taylor-Kemp,us USA,DF,D.C. United,26,1990,22,22,1980,0,0,0,0,2,0,0,0,0,0,0
303,Jon Kempin\Jon-Kempin,us USA,GK,LA Galaxy,23,1993,7,7,569,0,0,0,0,0,0,0,0,0,0,0
304,Sacha Kljestan\Sacha-Kljestan,us USA,MFFW,NY Red Bulls,31,1985,32,28,2582,2,9,0,0,6,0,0.07,0.31,0.38,0.07,0.38
305,Brad Knighton\Brad-Knighton,us USA,GK,New England,31,1985,6,6,540,0,0,0,0,0,0,0,0,0,0,0
306,Daigo Kobayashi\Daigo-Kobayashi,jp JPN,MFFW,New England,33,1983,12,4,509,1,0,0,0,0,0,0.18,0,0.18,0.18,0.18
307,Gershon Koffie\Gershon-Koffie,gh GHA,MF,New England,25,1991,23,21,1917,0,0,0,0,3,0,0,0,0,0,0
308,Chris Korb\Chris-Korb,us USA,DF,D.C. United,29,1987,16,13,1159,0,0,0,0,0,0,0,0,0,0,0
309,Xavier Kouassi\Xavier-Kouassi,ci CIV,MF,New England,27,1989,23,14,1224,1,0,0,0,3,2,0.07,0,0.07,0.07,0.07
310,Aaron Kovar\Aaron-Kovar,us USA,MF,Seattle,23,1993,7,1,219,0,0,0,0,0,0,0,0,0,0,0
311,Kevin Kratz\Kevin-Kratz,de GER,MF,Atlanta,30,1987,20,5,601,1,1,0,0,1,0,0.15,0.15,0.3,0.15,0.3
312,Matías Laba\Matias-Laba,ar ARG,MF,Vancouver,25,1991,19,19,1609,2,0,0,0,6,1,0.11,0,0.11,0.11,0.11
313,Connor Lade\Connor-Lade,us USA,DFMF,NY Red Bulls,27,1989,21,16,1378,0,2,0,0,3,0,0,0.13,0.13,0,0.13
314,Roland Lamah\Roland-Lamah,be BEL,MF,FC Dallas,29,1987,32,29,2138,11,2,0,0,2,0,0.46,0.08,0.55,0.46,0.55
315,Matt Lampson\Matt-Lampson,us USA,GK,Chicago,27,1989,24,24,2160,0,0,0,0,4,0,0,0,0,0,0
316,Jeff Larentowicz\Jeff-Larentowicz,us USA,MFDF,Atlanta,33,1983,33,30,2599,1,1,0,0,6,0,0.03,0.03,0.07,0.03,0.07
317,Cyle Larin\Cyle-Larin,ca CAN,FW,Orlando City,21,1995,28,24,2167,12,3,0,1,1,0,0.5,0.12,0.62,0.5,0.62
318,Richie Laryea\Richie-Laryea,ca CAN,MF,Orlando City,22,1995,12,1,261,0,1,0,0,2,0,0,0.34,0.34,0,0.34
319,Ariel Lassiter\Ariel-Lassiter,cr CRC,FWMF,LA Galaxy,22,1994,14,0,270,1,0,0,0,0,0,0.33,0,0.33,0.33,0.33
320,Kemar Lawrence\Kemar-Lawrence,jm JAM,DFMF,NY Red Bulls,24,1992,24,23,2074,1,5,0,0,7,0,0.04,0.22,0.26,0.04,0.26
321,Sébastien Le Toux\Sebastien-Le-Toux,fr FRA,MFFW,D.C. United,33,1984,16,8,736,2,0,0,0,1,0,0.24,0,0.24,0.24,0.24
322,Kelvin Leerdam\Kelvin-Leerdam,nl NED,DF,Seattle,26,1990,15,14,1290,1,1,0,0,2,0,0.07,0.07,0.14,0.07,0.14
323,Michael de Leeuw\Michael-de-Leeuw,nl NED,MFFW,Chicago,30,1986,30,26,2245,3,7,0,0,5,0,0.12,0.28,0.4,0.12,0.4
324,Wandrille Lefèvre\Wandrille-Lefevre,ca CAN,DF,Montreal,27,1989,3,1,105,0,0,0,0,0,0,0,0,0,0,0
325,José Leitón\Jose-Leiton,cr CRC,DF,Minnesota,23,1993,1,0,16,0,0,0,0,0,0,0,0,0,0,0
326,Brooks Lennon\Brooks-Lennon,us USA,FWMF,Real Salt Lake,19,1997,25,15,1533,3,2,0,0,2,0,0.18,0.12,0.29,0.18,0.29
327,Leonardo\Leonardo,br BRA,DF,Houston,28,1988,30,29,2616,2,1,0,0,3,0,0.07,0.03,0.1,0.07,0.1
328,Jonathan Lewis\Jonathan-Lewis,us USA,FWMF,NYCFC,19,1997,11,4,345,2,1,0,0,0,0,0.52,0.26,0.78,0.52,0.78
329,Nick Lima\Nick-Lima,us USA,DFMF,San Jose,22,1994,22,20,1809,2,1,0,0,2,2,0.1,0.05,0.15,0.1,0.15
330,Sebastian Lletget\Sebastian-Lletget,us USA,MF,LA Galaxy,24,1992,3,3,270,0,0,0,0,0,0,0,0,0,0,0
331,Cristian Lobato\Cristian-Lobato,es ESP,FWMF,Sporting KC,27,1989,10,6,547,1,0,0,0,0,0,0.16,0,0.16,0.16,0.16
332,Nicolás Lodeiro\Nicolas-Lodeiro,uy URU,MFFW,Seattle,27,1989,33,33,2964,7,9,3,3,5,1,0.21,0.27,0.49,0.12,0.39
333,Aaron Long\Aaron-Long,us USA,DF,NY Red Bulls,24,1992,31,30,2658,1,0,0,0,3,0,0.03,0,0.03,0.03,0.03
334,Mikey Lopez\Mikey-Lopez,us USA,MF,NYCFC,23,1993,12,5,612,0,0,0,0,2,0,0,0,0,0,0
335,Daniel Lovitz\Daniel-Lovitz,us USA,DFMF,Montreal,25,1991,25,19,1756,0,0,0,0,4,1,0,0,0,0,0
336,Larrys Mabiala\Larrys-Mabiala,cd COD,DF,Portland,29,1987,13,13,1160,0,0,0,0,0,1,0,0,0,0,0
337,Adolfo Machado\Adolfo-Machado,pa PAN,DF,Houston,31,1985,33,33,2970,0,2,0,0,5,0,0,0.06,0.06,0,0.06
338,Zac MacMath\Zac-MacMath,us USA,GK,Colorado,25,1991,9,9,810,0,0,0,0,0,0,0,0,0,0,0
339,Calum Mallace\Calum-Mallace,sco SCO,MF,Montreal,27,1990,7,4,298,0,0,0,0,0,0,0,0,0,0,0
340,Connor Maloney\Connor-Maloney,us USA,MF,Columbus,21,1995,2,1,126,0,1,0,0,0,0,0,0.71,0.71,0,0.71
341,Matteo Mancosu\Matteo-Mancosu,it ITA,FW,Montreal,32,1984,26,20,1743,6,1,1,1,5,0,0.31,0.05,0.36,0.26,0.31
342,Kekuta Manneh\Kekuta-Manneh,us USA,FW,Vancouver,22,1994,3,2,135,0,0,0,0,0,0,0,0,0,0,0
343,Kekuta Manneh\Kekuta-Manneh,us USA,MFFW,Columbus,22,1994,19,9,841,4,3,0,0,0,0,0.43,0.32,0.75,0.43,0.75
344,Mauro Manotas\Mauro-Manotas,co COL,FW,Houston,21,1995,33,24,2062,10,5,0,1,3,0,0.44,0.22,0.65,0.44,0.65
345,Stefan Marinovic\Stefan-Marinovic,nz NZL,GK,Vancouver,25,1991,5,5,450,0,0,0,0,0,0,0,0,0,0,0
346,Richie Marquez\Richie-Marquez,us USA,DF,Philadelphia,24,1992,15,13,1214,1,0,0,0,0,0,0.07,0,0.07,0.07,0.07
347,Chad Marshall\Chad-Marshall,us USA,DF,Seattle,32,1984,28,27,2366,1,2,0,0,2,0,0.04,0.08,0.11,0.04,0.11
348,Collin Martin\Collin-Martin,us USA,MF,Minnesota,22,1994,11,7,634,0,0,0,0,4,0,0,0,0,0,0
349,Cristian Martínez\Cristian-Martinez,pa PAN,MF,Columbus,19,1997,8,1,243,0,0,0,0,2,0,0,0,0,0,0
350,Josef Martínez\Josef-Martinez,ve VEN,FW,Atlanta,23,1993,20,17,1522,19,1,2,2,4,0,1.12,0.06,1.18,1.01,1.06
351,Tomás Martínez\Tomas-Martinez,ar ARG,MF,Houston,21,1995,9,5,503,2,0,0,0,2,0,0.36,0,0.36,0.36,0.36
352,Rónald Matarrita\Ronald-Matarrita,cr CRC,DF,NYCFC,22,1994,12,8,697,0,2,0,0,3,0,0,0.26,0.26,0,0.26
353,Darren Mattocks\Darren-Mattocks,jm JAM,FW,Portland,26,1990,24,11,1079,4,1,0,0,1,0,0.33,0.08,0.42,0.33,0.42
354,Aaron Maund\Aaron-Maund,tt TRI,DF,Real Salt Lake,26,1990,13,12,998,1,0,0,0,1,0,0.09,0,0.09,0.09,0.09
355,Aaron Maund\Aaron-Maund,tt TRI,DF,Vancouver,26,1990,2,2,180,0,0,0,0,1,0,0,0,0,0,0
356,Chris Mavinga\Chris-Mavinga,cd COD,DF,Toronto FC,25,1991,26,24,2012,0,2,0,0,3,0,0,0.09,0.09,0,0.09
357,Jack McBean\Jack-McBean,us USA,FW,LA Galaxy,22,1994,18,8,717,2,0,0,0,4,0,0.25,0,0.25,0.25,0.25
358,Chris McCann\Chris-McCann,ie IRL,DFMF,Atlanta,29,1987,23,9,968,0,2,0,0,0,0,0,0.19,0.19,0,0.19
359,John McCarthy\John-McCarthy,us USA,GK,Philadelphia,24,1992,8,8,720,0,0,0,0,0,0,0,0,0,0,0
360,Dax McCarty\Dax-McCarty,us USA,MF,Chicago,29,1987,28,28,2461,0,4,0,0,4,0,0,0.15,0.15,0,0.15
361,Jack McInerney\Jack-McInerney,us USA,FW,LA Galaxy,24,1992,8,3,263,0,0,0,0,1,0,0,0,0,0,0
362,Ben McKendry\Ben-McKendry,ca CAN,MF,Vancouver,23,1993,1,1,90,0,0,0,0,0,0,0,0,0,0,0
363,Thomas McNamara\Thomas-McNamara,us USA,MFFW,NYCFC,25,1991,27,19,1569,3,1,0,0,5,0,0.17,0.06,0.23,0.17,0.23
364,Tyrone Mears\Tyrone-Mears,jm JAM,DF,Atlanta,33,1983,20,16,1502,1,1,0,0,2,0,0.06,0.06,0.12,0.06,0.12
365,Jimmy Medranda\Jimmy-Medranda,co COL,FWMF,Sporting KC,22,1994,33,24,2078,2,1,0,0,2,0,0.09,0.04,0.13,0.09,0.13
366,Haris Medunjanin\Haris-Medunjanin,ba BIH,MF,Philadelphia,31,1985,34,34,3056,2,8,0,0,4,0,0.06,0.24,0.29,0.06,0.29
367,João Meira\Joao-Meira,pt POR,DF,Chicago,29,1987,30,27,2414,0,1,0,0,3,0,0,0.04,0.04,0,0.04
368,Tim Melia\Tim-Melia,us USA,GK,Sporting KC,30,1986,31,31,2758,0,0,0,0,1,0,0,0,0,0,0
369,Raúl Mendiola\Raul-Mendiola,us USA,FWMF,LA Galaxy,22,1994,4,0,38,0,0,0,0,0,0,0,0,0,0,0
370,Jonathan Mensah\Jonathan-Mensah,gh GHA,DF,Columbus,26,1990,26,25,2168,2,1,0,0,7,2,0.08,0.04,0.12,0.08,0.12
371,Justin Meram\Justin-Meram,iq IRQ,MF,Columbus,28,1988,34,32,2575,13,5,0,0,6,0,0.45,0.17,0.63,0.45,0.63
372,Dan Metzger\Dan-Metzger,us USA,MF,NY Red Bulls,23,1993,1,0,1,0,0,0,0,0,0,0,0,0,0,0
373,Nicolás Mezquida\Nicolas-Mezquida,uy URU,MFFW,Vancouver,25,1992,20,8,691,2,1,0,0,1,0,0.26,0.13,0.39,0.26,0.39
374,Djordje Mihailovic\Djordje-Mihailovic,us USA,MF,Chicago,18,1998,17,7,739,1,0,0,0,0,0,0.12,0,0.12,0.12,0.12
375,Eric Miller\Eric-Miller,us USA,DF,Colorado,24,1993,30,30,2614,0,0,0,0,4,0,0,0,0,0,0
376,Roy Miller\Roy-Miller,cr CRC,DF,Portland,32,1984,26,26,2265,1,1,0,0,8,0,0.04,0.04,0.08,0.04,0.08
377,Tyler Miller\Tyler-Miller,us USA,GK,Seattle,23,1993,1,1,90,0,0,0,0,0,0,0,0,0,0,0
378,Bruno Miranda\Bruno-Miranda,bo BOL,FW,D.C. United,18,1998,5,0,58,0,0,0,0,0,0,0,0,0,0,0
379,Kevin Molino\Kevin-Molino,tt TRI,MFFW,Minnesota,26,1990,30,30,2503,7,9,3,4,5,0,0.25,0.32,0.58,0.14,0.47
380,Fredy Montero\Fredy-Montero,co COL,FW,Vancouver,29,1987,33,26,2466,13,6,2,4,6,0,0.47,0.22,0.69,0.4,0.62
381,Drew Moor\Drew-Moor,us USA,DF,Toronto FC,33,1984,25,24,2175,2,1,0,0,1,0,0.08,0.04,0.12,0.08,0.12
382,Javier Morales\Javier-Morales,ar ARG,MF,FC Dallas,37,1980,15,8,757,1,2,0,0,1,0,0.12,0.24,0.36,0.12,0.36
383,Maximiliano Moralez\Maximiliano-Moralez,ar ARG,MFFW,NYCFC,29,1987,29,28,2521,5,8,0,1,8,0,0.18,0.29,0.46,0.18,0.46
384,Ashtone Morgan\Ashtone-Morgan,ca CAN,MFDF,Toronto FC,25,1991,5,3,283,1,0,0,0,1,0,0.32,0,0.32,0.32,0.32
385,Jordan Morris\Jordan-Morris,us USA,FWMF,Seattle,22,1994,23,22,1790,3,2,0,0,0,0,0.15,0.1,0.25,0.15,0.25
386,Justin Morrow\Justin-Morrow,us USA,DFMF,Toronto FC,29,1987,28,28,2477,8,1,0,0,0,0,0.29,0.04,0.33,0.29,0.33
387,Yura Movsisyan\Yura-Movsisyan,am ARM,FW,Real Salt Lake,29,1987,28,16,1422,7,0,1,1,4,0,0.44,0,0.44,0.38,0.38
388,Luke Mulholland\Luke-Mulholland,eng ENG,MF,Real Salt Lake,28,1988,27,22,1947,3,2,0,0,4,0,0.14,0.09,0.23,0.14,0.23
389,Patrick Mullins\Patrick-Mullins,us USA,FW,D.C. United,24,1992,20,12,1072,5,0,0,0,1,0,0.42,0,0.42,0.42,0.42
390,James Musa\James-Musa,nz NZL,MF,Sporting KC,24,1992,1,1,90,0,0,0,0,1,0,0,0,0,0,0
391,Soni Mustivar\Soni-Mustivar,ht HAI,MF,Sporting KC,26,1990,14,2,268,0,0,0,0,0,0,0,0,0,0,0
392,Alex Muyl\Alex-Muyl,us USA,MFFW,NY Red Bulls,21,1995,30,21,1937,3,3,0,0,4,0,0.14,0.14,0.28,0.14,0.28
393,Chance Myers\Chance-Myers,us USA,DF,Portland,29,1987,1,1,44,0,0,0,0,0,0,0,0,0,0,0
394,Darlington Nagbe\Darlington-Nagbe,us USA,MF,Portland,26,1990,27,27,2324,3,2,0,0,3,0,0.12,0.08,0.19,0.12,0.19
395,Adam Najem\Adam-Najem,af AFG,MF,Philadelphia,22,1995,5,1,157,0,0,0,0,0,0,0,0,0,0,0
396,Hassan Ndam\Hassan-Ndam,cm CMR,DF,NY Red Bulls,18,1998,1,0,1,0,0,0,0,0,0,0,0,0,0,0
397,Lamar Neagle\Lamar-Neagle,us USA,MFFW,D.C. United,29,1987,22,9,1127,1,0,1,2,4,0,0.08,0,0.08,0,0
398,Lamar Neagle\Lamar-Neagle,us USA,FWMF,Seattle,29,1987,8,0,95,2,0,0,0,2,0,1.89,0,1.89,1.89,1.89
399,Krisztián Németh\Krisztian-Nemeth,hu HUN,FWMF,New England,28,1989,6,3,177,1,1,0,0,0,1,0.51,0.51,1.02,0.51,1.02
400,Jake Nerwinski\Jake-Nerwinski,us USA,DF,Vancouver,22,1994,19,19,1706,0,3,0,0,2,0,0,0.16,0.16,0,0.16
401,Lee Nguyen\Lee-Nguyen,us USA,FWMF,New England,30,1986,31,30,2535,11,9,3,3,3,0,0.39,0.32,0.71,0.28,0.6
402,Sam Nicholson\Sam-Nicholson,sco SCO,MF,Minnesota,22,1995,12,8,636,1,1,0,0,0,0,0.14,0.14,0.28,0.14,0.28
403,Nemanja Nikolić\Nemanja-Nikolic,hu HUN,FW,Chicago,29,1987,34,34,2938,24,3,4,5,1,0,0.74,0.09,0.83,0.61,0.7
404,Antonio Nocerino\Antonio-Nocerino,it ITA,MF,Orlando City,31,1985,31,28,2226,1,0,0,0,2,1,0.04,0,0.04,0.04,0.04
405,Patrick Nyarko\Patrick-Nyarko,gh GHA,MFFW,D.C. United,31,1986,14,12,1025,1,2,0,0,0,0,0.09,0.18,0.26,0.09,0.26
406,Nicolai Næss\Nicolai-Naess,no NOR,DF,Columbus,24,1993,18,17,1474,0,0,0,0,1,0,0,0,0,0,0
407,Chris Odoi-Atsem\Chris-Odoi-Atsem,us USA,DF,D.C. United,21,1995,9,5,484,0,0,0,0,0,0,0,0,0,0,0
408,Dominic Oduro\Dominic-Oduro,gh GHA,MFFW,Montreal,31,1985,25,17,1435,1,0,0,0,1,0,0.06,0,0.06,0.06,0.06
409,Sean Okoli\Sean-Okoli,us USA,FW,NYCFC,23,1993,16,3,430,1,0,0,0,1,0,0.21,0,0.21,0.21,0.21
410,Amobi Okugo\Amobi-Okugo,us USA,MFDF,Portland,25,1991,8,3,399,0,0,0,0,1,0,0,0,0,0,0
411,Kévin Oliveira\Kevin-Oliveira,cv CPV,FWMF,Sporting KC,20,1996,2,0,18,0,0,0,0,0,0,0,0,0,0,0
412,Lawrence Olum\Lawrence-Olum,ke KEN,DFMF,Portland,32,1984,30,22,2109,1,0,0,0,3,0,0.04,0,0.04,0.04,0.04
413,Oguchi Onyewu\Oguchi-Onyewu,us USA,DF,Philadelphia,34,1982,22,22,1928,1,0,0,0,6,0,0.05,0,0.05,0.05,0.05
414,Ike Opara\Ike-Opara,us USA,DF,Sporting KC,27,1989,30,30,2700,3,0,0,0,3,0,0.1,0,0.1,0.1,0.1
415,Kofi Opare\Kofi-Opare,ca CAN,DF,D.C. United,26,1990,26,25,2213,2,1,0,0,2,0,0.08,0.04,0.12,0.08,0.12
416,Jonathan Osorio\Jonathan-Osorio,ca CAN,MFFW,Toronto FC,24,1992,27,9,1072,2,1,0,0,1,0,0.17,0.08,0.25,0.17,0.25
417,David Ousted\David-Ousted,dk DEN,GK,Vancouver,31,1985,28,28,2453,0,0,0,0,2,1,0,0,0,0,0
418,Ambroise Oyongo\Ambroise-Oyongo,cm CMR,DF,Montreal,25,1991,11,11,990,1,1,0,0,0,0,0.09,0.09,0.18,0.09,0.18
419,Erik Palmer-Brown\Erik-Palmer-Brown,us USA,DF,Sporting KC,19,1997,10,7,643,0,0,0,0,0,0,0,0,0,0,0
420,Tim Parker\Tim-Parker,us USA,DF,Vancouver,23,1993,32,32,2880,1,1,0,0,4,0,0.03,0.03,0.06,0.03,0.06
421,Michael Parkhurst\Michael-Parkhurst,us USA,DF,Atlanta,33,1984,33,33,2902,0,0,0,0,4,0,0,0,0,0,0
422,Tyler Pasher\Tyler-Pasher,ca CAN,FW,Sporting KC,22,1994,1,1,45,0,0,0,0,0,0,0,0,0,0,0
423,PC\PC,br BRA,DF,Orlando City,22,1994,8,5,438,0,1,0,0,1,1,0,0.21,0.21,0,0.21
424,João Pedro\Joao-Pedro,pt POR,MF,LA Galaxy,23,1993,28,26,2302,1,2,0,0,7,0,0.04,0.08,0.12,0.04,0.12
425,Léo Pereira\Leo-Pereira,br BRA,DF,Orlando City,21,1996,10,9,805,0,0,0,0,4,0,0,0,0,0,0
426,Matías Pérez García\Matias-Perez-Garcia,ar ARG,MFFW,Orlando City,32,1984,15,11,967,1,2,0,0,3,0,0.09,0.19,0.28,0.09,0.28
427,Damien Perrinelle\Damien-Perrinelle,fr FRA,DF,NY Red Bulls,33,1983,25,22,1971,0,1,0,0,5,0,0,0.05,0.05,0,0.05
428,Jacob Peterson\Jacob-Peterson,us USA,FW,Atlanta,31,1986,10,1,173,3,0,0,0,0,0,1.56,0,1.56,1.56,1.56
429,Demar Phillips\Demar-Phillips,jm JAM,DF,Real Salt Lake,33,1983,13,11,962,0,2,0,0,2,0,0,0.19,0.19,0,0.19
430,Ignacio Piatti\Ignacio-Piatti,ar ARG,FWMF,Montreal,31,1985,28,26,2367,17,5,4,5,3,0,0.65,0.19,0.84,0.49,0.68
431,Fafà Picault\Fafa-Picault,us USA,MF,Philadelphia,25,1991,28,23,1885,7,3,0,0,1,0,0.33,0.14,0.48,0.33,0.48
432,Samuel Piette\Samuel-Piette,ca CAN,MF,Montreal,22,1994,11,11,957,0,1,0,0,3,0,0,0.09,0.09,0,0.09
433,Andrea Pirlo\Andrea-Pirlo,it ITA,MF,NYCFC,37,1979,15,14,1078,0,1,0,0,1,0,0,0.08,0.08,0,0.08
434,Joao Plata\Joao-Plata,ec ECU,MFFW,Real Salt Lake,24,1992,29,27,2309,7,4,2,2,1,0,0.27,0.16,0.43,0.19,0.35
435,Matt Polster\Matt-Polster,us USA,DF,Chicago,23,1993,22,21,1766,1,5,0,0,3,0,0.05,0.25,0.31,0.05,0.31
436,Paxton Pomykal\Paxton-Pomykal,us USA,MF,FC Dallas,17,1999,2,2,138,0,0,0,0,0,0,0,0,0,0,0
437,Chris Pontius\Chris-Pontius,us USA,MF,Philadelphia,29,1987,30,27,2237,2,6,0,0,0,0,0.08,0.24,0.32,0.08,0.32
438,Cameron Porter\Cameron-Porter,us USA,FW,Sporting KC,23,1993,1,0,22,0,0,0,0,0,0,0,0,0,0,0
439,Alvas Powell\Alvas-Powell,jm JAM,DF,Portland,22,1994,23,19,1691,2,2,0,0,3,0,0.11,0.11,0.21,0.11,0.21
440,Dillon Powers\Dillon-Powers,us USA,MF,Orlando City,25,1991,6,4,345,0,0,0,0,0,0,0,0,0,0,0
441,Dillon Powers\Dillon-Powers,us USA,MF,Colorado,25,1991,15,11,963,0,0,0,0,3,0,0,0,0,0,0
442,Valeri Qazaishvili\Valeri-Qazaishvili,ge GEO,MFFW,San Jose,24,1993,13,8,783,5,0,0,0,0,0,0.57,0,0.57,0.57,0.57
443,Romell Quioto\Romell-Quioto,hn HON,FWMF,Houston,25,1991,22,14,1279,7,3,0,0,4,0,0.49,0.21,0.7,0.49,0.7
444,Jukka Raitala\Jukka-Raitala,fi FIN,DFMF,Columbus,28,1988,28,20,1926,0,1,0,0,4,0,0,0.05,0.05,0,0.05
445,Christian Ramirez\Christian-Ramirez,us USA,FW,Minnesota,25,1991,30,27,2389,14,3,0,0,1,0,0.53,0.11,0.64,0.53,0.64
446,Rafael Ramos\Rafael-Ramos,pt POR,DF,Orlando City,22,1995,2,1,56,0,0,0,0,0,1,0,0,0,0,0
447,Tommy Redding\Tommy-Redding,us USA,DF,Orlando City,20,1997,18,14,1409,0,0,0,0,3,0,0,0,0,0,0
448,Dylan Remick\Dylan-Remick,us USA,DF,Houston,25,1991,14,13,1167,1,0,0,0,1,0,0.08,0,0.08,0.08,0.08
449,Yordy Reyna\Yordy-Reyna,pe PER,MF,Vancouver,23,1993,18,11,1074,6,3,0,0,3,0,0.5,0.25,0.75,0.5,0.75
450,Kyle Reynish\Kyle-Reynish,us USA,GK,Atlanta,33,1983,2,2,150,0,0,0,0,0,1,0,0,0,0,0
451,Spencer Richey\Spencer-Richey,us USA,GK,Vancouver,24,1992,1,1,90,0,0,0,0,0,0,0,0,0,0,0
452,Tosaint Ricketts\Tosaint-Ricketts,ca CAN,FWMF,Toronto FC,29,1987,22,9,1010,7,1,0,0,0,0,0.62,0.09,0.71,0.62,0.71
453,Liam Ridgewell\Liam-Ridgewell,eng ENG,DF,Portland,32,1984,15,15,1269,3,0,0,0,4,0,0.21,0,0.21,0.21,0.21
454,Nick Rimando\Nick-Rimando,us USA,GK,Real Salt Lake,37,1979,28,28,2487,0,0,0,0,1,0,0,0,0,0,0
455,Alexander Ring\Alexander-Ring,fi FIN,MF,NYCFC,25,1991,29,29,2603,0,3,0,0,10,0,0,0.1,0.1,0,0.1
456,Carlos Rivas\Carlos-Rivas,co COL,FW,Orlando City,22,1994,30,21,1961,5,2,0,0,3,0,0.23,0.09,0.32,0.23,0.32
457,Jalen Robinson\Jalen-Robinson,us USA,DF,D.C. United,22,1994,7,6,544,0,0,0,0,0,0,0,0,0,0,0
458,Luis Robles\Luis-Robles,us USA,GK,NY Red Bulls,32,1984,34,34,3060,0,0,0,0,4,0,0,0,0,0,0
459,Tony Rocha\Tony-Rocha,bz BLZ,MF,Orlando City,23,1993,3,0,28,0,1,0,0,1,0,0,3.21,3.21,0,3.21
460,Memo Rodriguez\Memo-Rodriguez,us USA,FWMF,Houston,21,1995,9,3,330,2,1,0,0,0,0,0.55,0.27,0.82,0.55,0.82
461,Víctor Rodríguez\Victor-Rodriguez,es ESP,MF,Seattle,27,1989,7,5,484,2,0,0,0,0,0,0.37,0,0.37,0.37,0.37
462,Cristian Roldan\Cristian-Roldan,us USA,MF,Seattle,21,1995,33,33,2959,6,2,0,0,3,0,0.18,0.06,0.24,0.18,0.24
463,Andrés Romero\Andres-Romero,ar ARG,MFFW,Montreal,27,1989,9,4,434,0,0,0,0,1,0,0,0,0,0,0
464,David Romney\David-Romney,us USA,DF,LA Galaxy,23,1993,29,23,2253,2,1,0,0,0,0,0.08,0.04,0.12,0.08,0.12
465,Mauro Rosales\Mauro-Rosales,ar ARG,FWMF,Vancouver,35,1981,5,0,55,0,0,0,0,0,0,0,0,0,0,0
466,Keegan Rosenberry\Keegan-Rosenberry,us USA,DF,Philadelphia,23,1993,14,11,1052,0,1,0,0,2,0,0,0.09,0.09,0,0.09
467,Brian Rowe\Brian-Rowe,us USA,GK,LA Galaxy,28,1988,14,13,1231,0,0,0,0,0,0,0,0,0,0,0
468,Kelyn Rowe\Kelyn-Rowe,us USA,MFDF,New England,25,1991,23,21,1898,1,6,0,0,3,0,0.05,0.28,0.33,0.05,0.33
469,Daniel Royer\Daniel-Royer,at AUT,MFFW,NY Red Bulls,26,1990,26,23,1859,12,2,4,4,5,0,0.58,0.1,0.68,0.39,0.48
470,Diego Rubio\Diego-Rubio,cl CHI,FW,Sporting KC,23,1993,16,11,1010,6,2,0,1,2,0,0.53,0.18,0.71,0.53,0.71
471,Albert Rusnák\Albert-Rusnak,sk SVK,MF,Real Salt Lake,22,1994,30,29,2576,7,12,0,0,2,0,0.24,0.42,0.66,0.24,0.66
472,Soony Saad\Soony-Saad,lb LIB,FW,Sporting KC,24,1992,12,6,450,0,1,0,0,0,0,0,0.2,0.2,0,0.2
473,Mohammed Saeid\Mohammed-Saeid,er ERI,MF,Minnesota,26,1990,3,3,242,0,0,0,0,0,0,0,0,0,0,0
474,Mohammed Saeid\Mohammed-Saeid,er ERI,MF,Colorado,26,1990,29,27,2260,1,2,0,0,2,0,0.04,0.08,0.12,0.04,0.12
475,Michael Salazar\Michael-Salazar,bz BLZ,MFFW,Montreal,24,1992,17,7,694,3,2,0,0,1,0,0.39,0.26,0.65,0.39,0.65
476,Shea Salinas\Shea-Salinas,us USA,MFDF,San Jose,30,1986,25,15,1444,1,2,0,0,3,0,0.06,0.12,0.19,0.06,0.19
477,Dániel Sallói\Daniel-Salloi,hu HUN,FW,Sporting KC,20,1996,22,12,1177,3,1,0,0,1,0,0.23,0.08,0.31,0.23,0.31
478,Lloyd Sam\Lloyd-Sam,gh GHA,MFFW,D.C. United,32,1984,30,23,2018,2,4,0,0,5,1,0.09,0.18,0.27,0.09,0.27
479,Ilie Sánchez\Ilie-Sanchez,es ESP,MF,Sporting KC,26,1990,33,33,2970,0,1,0,0,6,0,0,0.03,0.03,0,0.03
480,Richard Sánchez\Richard-Sanchez,mx MEX,GK,Chicago,22,1994,2,2,180,0,0,0,0,0,0,0,0,0,0,0
481,Vicente Sánchez\Vicente-Sanchez,uy URU,MFFW,Houston,37,1979,21,3,531,2,5,0,0,0,0,0.34,0.85,1.19,0.34,1.19
482,James Sands\James-Sands,us USA,DFMF,NYCFC,16,2000,1,0,24,0,0,0,0,0,0,0,0,0,0,0
483,Pedro Santos\Pedro-Santos,pt POR,MF,Columbus,28,1988,9,8,646,0,2,0,0,2,0,0,0.28,0.28,0,0.28
484,C.J. Sapong\CJ-Sapong,us USA,FW,Philadelphia,28,1988,33,30,2794,16,4,3,3,3,0,0.52,0.13,0.64,0.42,0.55
485,Kofi Sarkodie\Kofi-Sarkodie,us USA,DFMF,San Jose,25,1991,18,16,1323,0,1,0,0,2,2,0,0.07,0.07,0,0.07
486,Marcelo Sarvas\Marcelo-Sarvas,br BRA,MF,D.C. United,35,1981,25,19,1843,0,0,0,1,7,0,0,0,0,0,0
487,Sebastián Saucedo\Sebastian-Saucedo,us USA,FWMF,Real Salt Lake,20,1997,20,5,581,0,2,0,0,2,0,0,0.31,0.31,0,0.31
488,Jefferson Savarino\Jefferson-Savarino,ve VEN,MFFW,Real Salt Lake,20,1996,22,19,1667,6,5,0,0,0,0,0.32,0.27,0.59,0.32,0.59
489,Justin Schmidt\Justin-Schmidt,us USA,DFMF,Real Salt Lake,23,1993,9,7,676,0,0,0,0,0,0,0,0,0,0,0
490,Chris Schuler\Chris-Schuler,us USA,DF,Real Salt Lake,29,1987,12,12,1068,0,0,0,0,4,0,0,0,0,0,0
491,Rasmus Schüller\Rasmus-Schuller,fi FIN,MF,Minnesota,25,1991,7,4,322,0,0,0,0,1,0,0,0,0,0,0
492,Bastian Schweinsteiger\Bastian-Schweinsteiger,de GER,MF,Chicago,32,1984,24,23,1989,3,2,0,0,5,0,0.14,0.09,0.23,0.14,0.23
493,Chris Seitz\Chris-Seitz,us USA,GK,FC Dallas,29,1987,5,5,450,0,0,0,0,0,0,0,0,0,0,0
494,Philippe Senderos\Philippe-Senderos,ch SUI,DF,Houston,31,1985,2,2,161,0,0,0,0,0,0,0,0,0,0,0
495,Dillon Serna\Dillon-Serna,us USA,MF,Colorado,22,1994,19,9,951,1,1,0,0,0,0,0.09,0.09,0.19,0.09,0.19
496,Brek Shea\Brek-Shea,us USA,MFFW,Vancouver,26,1990,25,14,1328,4,2,0,0,2,2,0.27,0.14,0.41,0.27,0.41
497,Khiry Shelton\Khiry-Shelton,us USA,MFFW,NYCFC,23,1993,15,3,512,1,0,0,0,0,0,0.18,0,0.18,0.18,0.18
498,Harry Shipp\Harry-Shipp,us USA,MF,Seattle,25,1991,18,11,926,2,0,0,0,1,0,0.19,0,0.19,0.19,0.19
499,Shamit Shome\Shamit-Shome,ca CAN,MF,Montreal,19,1997,1,0,9,0,0,0,0,0,0,0,0,0,0,0
500,Bobby Shuttleworth\Bobby-Shuttleworth,us USA,GK,Minnesota,29,1987,33,32,2839,0,0,0,0,4,0,0,0,0,0,0
501,Luis Silva\Luis-Silva,us USA,FWMF,Real Salt Lake,28,1988,30,20,1770,7,3,1,1,5,0,0.36,0.15,0.51,0.31,0.46
502,Marcelo Silva\Marcelo-Silva,uy URU,DF,Real Salt Lake,27,1989,9,9,649,0,0,0,0,0,1,0,0,0,0,0
503,Pierre da Silva\Pierre-da-Silva,us USA,FWMF,Orlando City,18,1998,1,0,2,0,0,0,0,0,0,0,0,0,0,0
504,Jay Simpson\Jay-Simpson,eng ENG,FW,Philadelphia,28,1988,22,4,485,1,0,0,0,0,0,0.19,0,0.19,0.19,0.19
505,Seth Sinovic\Seth-Sinovic,us USA,DF,Sporting KC,30,1987,32,32,2856,1,2,0,0,5,0,0.03,0.06,0.09,0.03,0.09
506,Axel Sjöberg\Axel-Sjoberg,se SWE,DF,Colorado,25,1991,19,19,1637,1,0,0,0,1,1,0.05,0,0.05,0.05,0.05
507,Donnie Smith\Donnie-Smith,us USA,DF,New England,26,1990,1,1,52,0,0,0,0,0,0,0,0,0,0,0
508,Joshua Smith\Joshua-Smith,us USA,DF,New England,24,1992,6,6,539,0,0,0,0,0,0,0,0,0,0,0
509,Nathan Smith\Nathan-Smith,us USA,DF,LA Galaxy,22,1994,12,9,908,0,0,0,0,5,1,0,0,0,0,0
510,Luis Solignac\Luis-Solignac,ar ARG,MFFW,Chicago,25,1991,33,26,2148,7,4,0,0,1,0,0.29,0.17,0.46,0.29,0.46
511,Jonathan Spector\Jonathan-Spector,us USA,DF,Orlando City,30,1986,25,25,2175,1,0,0,0,5,2,0.04,0,0.04,0.04,0.04
512,Ben Spencer\Ben-Spencer,us USA,FW,Toronto FC,21,1995,3,2,178,0,2,0,0,0,0,0,1.01,1.01,0,1.01
513,Zack Steffen\Zack-Steffen,us USA,GK,Columbus,21,1995,34,34,3060,0,0,0,0,3,0,0,0,0,0,0
514,Daniel Steres\Daniel-Steres,us USA,DF,LA Galaxy,26,1990,21,21,1842,3,0,0,0,1,0,0.15,0,0.15,0.15,0.15
515,John Stertzer\John-Stertzer,us USA,MF,NYCFC,26,1990,5,0,58,0,0,0,0,0,0,0,0,0,0,0
516,Zoltán Stieber\Zoltan-Stieber,hu HUN,MF,D.C. United,28,1988,8,6,524,1,0,0,0,1,0,0.17,0,0.17,0.17,0.17
517,Andraž Struna\Andraz-Struna,si SVN,DF,NYCFC,27,1989,5,4,321,0,1,0,0,1,0,0,0.28,0.28,0,0.28
518,Sunny\Sunny,ng NGA,MF,Real Salt Lake,28,1988,21,18,1487,0,1,0,0,7,0,0,0.06,0.06,0,0.06
519,Scott Sutter\Scott-Sutter,ch SUI,DF,Orlando City,30,1986,32,30,2728,1,4,0,0,1,0,0.03,0.13,0.16,0.03,0.16
520,Gustav Svensson\Gustav-Svensson,se SWE,MFDF,Seattle,29,1987,32,30,2642,1,3,0,0,1,0,0.03,0.1,0.14,0.03,0.14
521,Ben Sweat\Ben-Sweat,us USA,DF,NYCFC,25,1991,26,25,2174,1,6,0,0,3,0,0.04,0.25,0.29,0.04,0.29
522,Alexandros Tabakis\Alexandros-Tabakis,gr GRE,GK,Atlanta,24,1992,1,0,29,0,0,0,0,0,0,0,0,0,0,0
523,Ballou Tabla\Ballou-Tabla,ca CAN,MFFW,Montreal,17,1999,21,11,1148,2,2,0,0,4,0,0.16,0.16,0.31,0.16,0.31
524,Andrew Tarbell\Andrew-Tarbell,us USA,GK,San Jose,23,1993,11,11,990,0,0,0,0,0,0,0,0,0,0,0
525,Jermaine Taylor\Jermaine-Taylor,jm JAM,DF,Minnesota,32,1985,14,6,677,0,0,0,0,1,0,0,0,0,0,0
526,Tony Tchani\Tony-Tchani,cm CMR,MF,Vancouver,27,1989,27,26,2114,4,1,0,0,5,3,0.17,0.04,0.21,0.17,0.21
527,Cristian Techera\Cristian-Techera,uy URU,MF,Vancouver,24,1992,29,24,2035,6,4,1,2,1,0,0.27,0.18,0.44,0.22,0.4
528,Russell Teibert\Russell-Teibert,ca CAN,MF,Vancouver,24,1992,12,8,733,0,0,0,0,1,0,0,0,0,0,0
529,Jérôme Thiesson\Jerome-Thiesson,ch SUI,DF,Minnesota,29,1987,33,33,2954,2,3,0,0,6,0,0.06,0.09,0.15,0.06,0.15
530,Tommy Thompson\Tommy-Thompson,us USA,MFFW,San Jose,21,1995,32,16,1541,1,4,0,0,1,0,0.06,0.23,0.29,0.06,0.29
531,Chris Tierney\Chris-Tierney,us USA,DFMF,New England,31,1986,26,20,1711,1,2,1,1,3,0,0.05,0.11,0.16,0,0.11
532,Maxim Tissot\Maxim-Tissot,ca CAN,DF,D.C. United,24,1992,1,1,90,0,0,0,0,0,0,0,0,0,0,0
533,Donny Toia\Donny-Toia,us USA,DF,Orlando City,24,1992,30,29,2539,0,2,0,0,4,0,0,0.07,0.07,0,0.07
534,Nouhou Tolo\Nouhou-Tolo,cm CMR,DF,Seattle,19,1997,19,10,1057,0,0,0,0,1,1,0,0,0,0,0
535,Paolo Tornaghi\Paolo-Tornaghi,it ITA,GK,Vancouver,28,1988,1,0,66,0,0,0,0,0,0,0,0,0,0,0
536,Erick Torres\Erick-Torres,mx MEX,FW,Houston,24,1993,27,23,1996,14,3,5,6,6,0,0.63,0.14,0.77,0.41,0.54
537,Román Torres\Roman-Torres,pa PAN,DF,Seattle,30,1986,23,21,1784,0,2,0,0,4,1,0,0.1,0.1,0,0.1
538,Wil Trapp\Wil-Trapp,us USA,MF,Columbus,24,1993,34,34,3034,0,4,0,0,3,0,0,0.12,0.12,0,0.12
539,Ken Tribbett\Ken-Tribbett,us USA,DFMF,Philadelphia,24,1992,1,0,4,0,0,0,0,0,0,0,0,0,0,0
540,Victor Ulloa\Victor-Ulloa,us USA,MF,FC Dallas,24,1992,23,12,1213,0,2,0,0,1,0,0,0.15,0.15,0,0.15
541,Marco Ureña\Marco-Urena,cr CRC,FW,San Jose,26,1990,25,22,1753,5,2,0,0,3,0,0.26,0.1,0.36,0.26,0.36
542,Maximiliano Urruti\Maximiliano-Urruti,ar ARG,FW,FC Dallas,25,1991,32,31,2741,12,4,1,1,1,0,0.39,0.13,0.53,0.36,0.49
543,Zarek Valentin\Zarek-Valentin,us USA,DF,Portland,25,1991,19,17,1545,0,3,0,0,2,0,0,0.17,0.17,0,0.17
544,Diego Valeri\Diego-Valeri,ar ARG,MF,Portland,30,1986,32,32,2822,21,9,6,7,4,0,0.67,0.29,0.96,0.48,0.77
545,Jelle Van Damme\Jelle-Van-Damme,be BEL,DF,LA Galaxy,33,1983,18,18,1502,1,0,0,0,8,6,0.06,0,0.06,0.06,0.06
546,Matt Van Oekel\Matt-Van-Oekel,us USA,GK,Real Salt Lake,30,1986,7,6,573,0,0,0,0,0,0,0,0,0,0,0
547,Brandon Vazquez\Brandon-Vazquez,us USA,FW,Atlanta,18,1998,13,0,189,1,1,0,0,1,1,0.48,0.48,0.95,0.48,0.95
548,Víctor Vázquez\Victor-Vazquez,es ESP,MFFW,Toronto FC,30,1987,31,28,2372,8,10,3,3,3,0,0.3,0.38,0.68,0.19,0.57
549,Ricardo Velazco\Ricardo-Velazco,us USA,MF,Real Salt Lake,23,1993,9,1,261,0,0,0,0,2,0,0,0,0,0,0
550,Johan Venegas\Johan-Venegas,cr CRC,MFFW,Minnesota,28,1988,22,12,1231,2,5,0,0,4,0,0.15,0.37,0.51,0.15,0.51
551,Kevin Venegas\Kevin-Venegas,us USA,DFMF,Minnesota,27,1989,6,6,540,0,0,0,0,0,0,0,0,0,0,0
552,Gonzalo Verón\Gonzalo-Veron,ar ARG,FWMF,NY Red Bulls,27,1989,24,5,794,6,1,3,4,1,0,0.68,0.11,0.79,0.34,0.45
553,David Villa\David-Villa,es ESP,FW,NYCFC,35,1981,31,28,2553,22,5,4,5,4,0,0.78,0.18,0.95,0.63,0.81
554,Héctor Villalba\Hector-Villalba,py PAR,MFFW,Atlanta,22,1994,34,34,2738,13,9,0,0,4,0,0.43,0.3,0.72,0.43,0.72
555,Jaime Villarreal\Jaime-Villarreal,us USA,MF,LA Galaxy,21,1995,7,4,377,0,0,0,0,1,0,0,0,0,0,0
556,Jose Villarreal\Jose-Villarreal,us USA,MFFW,LA Galaxy,23,1993,12,4,393,0,2,0,0,0,0,0,0.46,0.46,0,0.46
557,Brandon Vincent\Brandon-Vincent,us USA,DF,Chicago,22,1994,27,26,2342,2,4,0,0,3,0,0.08,0.15,0.23,0.08,0.23
558,Rob Vincent\Rob-Vincent,eng ENG,MF,D.C. United,26,1990,2,0,67,0,0,0,0,2,0,0,0,0,0,0
559,Anton Walkes\Anton-Walkes,eng ENG,DF,Atlanta,19,1997,20,17,1526,2,0,0,0,2,0,0.12,0,0.12,0.12,0.12
560,Rodney Wallace\Rodney-Wallace,cr CRC,FWMF,NYCFC,28,1988,26,23,1925,4,5,0,0,6,0,0.19,0.23,0.42,0.19,0.42
561,Charlie Ward\Charlie-Ward,eng ENG,MF,Houston,21,1995,1,0,45,0,0,0,0,0,0,0,0,0,0,0
562,Collen Warner\Collen-Warner,us USA,MF,Minnesota,28,1988,25,12,1292,1,0,0,0,6,0,0.07,0,0.07,0.07,0.07
563,Kendall Waston\Kendall-Waston,cr CRC,DF,Vancouver,29,1988,25,25,2250,4,1,0,0,7,0,0.16,0.04,0.2,0.16,0.2
564,Je-Vaughn Watson\Je-Vaughn-Watson,jm JAM,MFDF,New England,33,1983,18,8,773,0,0,0,0,5,2,0,0,0,0,0
565,Jared Watts\Jared-Watts,us USA,DFMF,Colorado,24,1992,20,18,1489,0,1,0,0,4,2,0,0.06,0.06,0,0.06
566,Andrew Wenger\Andrew-Wenger,us USA,FWMF,Houston,26,1990,22,12,1113,2,2,0,0,2,0,0.16,0.16,0.32,0.16,0.32
567,Ethan White\Ethan-White,us USA,DF,NYCFC,26,1991,21,19,1549,0,2,0,0,5,0,0,0.12,0.12,0,0.12
568,Giliano Wijnaldum\Giliano-Wijnaldum,nl NED,DF,Philadelphia,24,1992,13,13,1137,0,1,0,0,4,0,0,0.08,0.08,0,0.08
569,Josh Williams\Josh-Williams,us USA,DF,Columbus,28,1988,22,19,1797,3,0,0,0,4,0,0.15,0,0.15,0.15,0.15
570,Mekeil Williams\Mekeil-Williams,tt TRI,DF,Colorado,26,1990,17,16,1398,0,1,0,0,7,2,0,0.06,0.06,0,0.06
571,Sheanon Williams\Sheanon-Williams,us USA,DF,Vancouver,26,1990,15,15,1349,0,2,0,0,3,0,0,0.13,0.13,0,0.13
572,Joe Willis\Joe-Willis,us USA,GK,Houston,28,1988,8,8,720,0,0,0,0,1,0,0,0,0,0,0
573,Chris Wingert\Chris-Wingert,us USA,DF,Real Salt Lake,34,1982,23,20,1752,1,0,0,0,5,0,0.05,0,0.05,0.05,0.05
574,Henry Wingo\Henry-Wingo,us USA,DFMF,Seattle,21,1995,11,0,142,0,0,0,0,0,0,0,0,0,0,0
575,Chris Wondolowski\Chris-Wondolowski,us USA,FWMF,San Jose,34,1983,34,34,3039,13,8,1,1,3,0,0.38,0.24,0.62,0.36,0.59
576,London Woodberry\London-Woodberry,us USA,DF,New England,25,1991,3,2,165,0,0,0,0,0,0,0,0,0,0,0
577,Travis Worra\Travis-Worra,us USA,GKDF,D.C. United,23,1993,5,5,450,0,0,0,0,0,0,0,0,0,0,0
578,Brian Wright\Brian-Wright,ca CAN,FW,New England,21,1995,2,0,47,0,0,0,0,0,0,0,0,0,0,0
579,Bradley Wright-Phillips\Bradley-Wright-Phillips,eng ENG,FW,NY Red Bulls,31,1985,32,29,2552,17,1,0,0,4,0,0.6,0.04,0.63,0.6,0.63
580,Joshua Yaro\Joshua-Yaro,gh GHA,DF,Philadelphia,22,1994,6,4,371,0,0,0,0,0,1,0,0,0,0,0
581,Yoshimar Yotún\Yoshimar-Yotun,pe PER,MF,Orlando City,26,1990,10,10,886,1,4,0,0,2,0,0.1,0.41,0.51,0.1,0.51
582,Jackson Yueill\Jackson-Yueill,us USA,MFFW,San Jose,19,1997,13,10,969,0,1,0,0,2,0,0,0.09,0.09,0,0.09
583,Gyasi Zardes\Gyasi-Zardes,us USA,FWMF,LA Galaxy,25,1991,24,23,1983,2,2,0,0,3,0,0.09,0.09,0.18,0.09,0.18
584,Eriq Zavaleta\Eriq-Zavaleta,us USA,DF,Toronto FC,24,1992,29,27,2353,1,0,0,0,4,0,0.04,0,0.04,0.04,0.04
585,Ben Zemanski\Ben-Zemanski,us USA,MFDF,Portland,28,1988,7,4,439,0,1,0,0,1,0,0,0.21,0.21,0,0.21
586,Walker Zimmerman\Walker-Zimmerman,us USA,DF,FC Dallas,23,1993,22,18,1602,1,1,0,0,0,0,0.06,0.06,0.11,0.06,0.11
587,Sal Zizzo\Sal-Zizzo,us USA,DF,NY Red Bulls,29,1987,23,18,1648,0,2,0,0,5,2,0,0.11,0.11,0,0.11
588,Graham Zusi\Graham-Zusi,us USA,DF,Sporting KC,30,1986,24,23,2115,0,6,0,0,3,1,0,0.26,0.26,0,0.26
