Rk,Player,Nation,Pos,Squad,Age,Born,MP_playingtime,Starts_playingtime,Min_playingtime,Gls_performance,Ast_performance,PK_performance,PKatt_performance,CrdY_performance,CrdR_performance,Gls_per90min,Ast_per90min,G_plus_A_per90min,G_minus_PK_per90min,G_plus_A_minus_PK_per90min,xG_expected,npxG_expected,xA_expected,xG_per90min,xA_per90min,xG_plus_xA_per90min,npxG_per90min,npxG_plus_xA_per90min
1,Brenden Aaronson\Brenden-Aaronson,us USA,MFFW,Philadelphia,18,2000,28,25,1706,3,1,0,0,3,0,0.16,0.05,0.21,0.16,0.21,3.9,3.9,2.1,0.2,0.11,0.32,0.2,0.32
2,Saad Abdul-Salaam\Saad-Abdul-Salaam,us USA,DF,Seattle,27,1991,18,11,1067,0,0,0,0,2,0,0,0,0,0,0,0.1,0.1,0.8,0.01,0.07,0.08,0.01,0.08
3,Lalas Abubakar\Lalas-Abubakar,gh GHA,DF,Colorado,24,1994,22,22,1980,0,0,0,0,7,0,0,0,0,0,0,1.3,1.3,0.1,0.06,0,0.06,0.06,0.06
4,Lalas Abubakar\Lalas-Abubakar,gh GHA,DF,Columbus,24,1994,1,1,90,0,0,0,0,0,0,0,0,0,0,0,0.2,0.2,0,0.19,0,0.19,0.19,0.19
5,David Accam\David-Accam,gh GHA,FWMF,Columbus,28,1990,15,8,667,2,1,0,0,1,0,0.27,0.13,0.4,0.27,0.4,1.2,1.2,1,0.16,0.13,0.3,0.16,0.3
6,David Accam\David-Accam,gh GHA,FW,Philadelphia,28,1990,8,4,338,4,2,0,0,0,0,1.07,0.53,1.6,1.07,1.6,2.1,2.1,0.2,0.56,0.05,0.62,0.56,0.62
7,Bryan Acosta\Bryan-Acosta,hn HON,MF,FC Dallas,25,1993,26,23,2073,2,1,0,0,12,0,0.09,0.04,0.13,0.09,0.13,2,2,2.2,0.09,0.09,0.18,0.09,0.18
8,Danilo Acosta\Danilo-Acosta,us USA,DF,Orlando City,21,1997,8,8,667,0,0,0,0,1,0,0,0,0,0,0,0.1,0.1,0.3,0.01,0.04,0.05,0.01,0.05
9,Kellyn Acosta\Kellyn-Acosta,us USA,MF,Colorado,23,1995,31,30,2615,2,1,0,0,10,1,0.07,0.03,0.1,0.07,0.1,1.5,1.5,2.3,0.05,0.08,0.13,0.05,0.13
10,Luciano Acosta\Luciano-Acosta,ar ARG,MFFW,D.C. United,24,1994,31,22,2122,6,1,0,0,0,1,0.25,0.04,0.3,0.25,0.3,4.3,4.3,2.8,0.18,0.12,0.3,0.18,0.3
11,Mo Adams\Mo-Adams,eng ENG,DFMF,Atlanta,22,1996,4,1,93,1,0,0,0,1,0,0.97,0,0.97,0.97,0.97,0.1,0.1,0.1,0.13,0.12,0.25,0.13,0.25
12,Mo Adams\Mo-Adams,eng ENG,MF,Chicago,22,1996,10,5,487,0,0,0,0,4,0,0,0,0,0,0,0,0,0.4,0.01,0.08,0.09,0.01,0.09
13,Fanendo Adi\Fanendo-Adi,ng NGA,FW,FC Cincinnati,28,1990,12,7,700,1,0,0,0,1,0,0.13,0,0.13,0.13,0.13,3,3,0.1,0.38,0.01,0.39,0.38,0.39
14,Ali Adnan Kadhim\Ali-Adnan-Kadhim,iq IRQ,DF,Vancouver,25,1993,28,28,2410,1,3,0,1,6,0,0.04,0.11,0.15,0.04,0.15,2.4,1.7,1.9,0.09,0.07,0.16,0.06,0.14
15,François Affolter\Francois-Affolter,ch SUI,DF,San Jose,27,1991,1,1,90,0,0,0,0,0,0,0,0,0,0,0,0,0,0,0,0,0,0,0
16,Harrison Afful\Harrison-Afful,gh GHA,DF,Columbus,32,1986,22,22,1903,0,2,0,0,3,1,0,0.09,0.09,0,0.09,0.7,0.7,1.5,0.03,0.07,0.11,0.03,0.11
17,Juan Agudelo\Juan-Agudelo,us USA,MFFW,New England,26,1992,28,21,1954,3,1,0,0,7,0,0.14,0.05,0.18,0.14,0.18,4.2,3.6,2.3,0.19,0.1,0.3,0.17,0.27
18,Tesho Akindele\Tesho-Akindele,ca CAN,FW,Orlando City,26,1992,28,22,1875,10,1,0,0,1,0,0.48,0.05,0.53,0.48,0.53,8.9,8.9,1.7,0.43,0.08,0.51,0.43,0.51
19,Ayo Akinola\Ayo-Akinola,us USA,FWMF,Toronto FC,19,2000,8,2,257,1,0,0,0,1,0,0.35,0,0.35,0.35,0.35,1.4,1.4,0.1,0.47,0.03,0.51,0.47,0.51
20,Fatai Alashe\Fatai-Alashe,us USA,MFDF,FC Cincinnati,25,1993,11,4,438,1,0,0,0,2,0,0.21,0,0.21,0.21,0.21,0.5,0.5,0,0.1,0,0.1,0.1,0.1
21,Nazmi Albadawi\Nazmi-Albadawi,ps PLE,MF,FC Cincinnati,27,1991,1,0,10,0,0,0,0,0,0,0,0,0,0,0,0,0,0,0,0,0,0,0
22,Romain Alessandrini\Romain-Alessandrini,fr FRA,FW,LA Galaxy,29,1989,5,5,277,0,0,0,0,1,0,0,0,0,0,0,0.5,0.5,0.3,0.17,0.1,0.28,0.17,0.28
23,Eric Alexander\Eric-Alexander,us USA,MFFW,FC Cincinnati,30,1988,6,4,313,0,1,0,0,0,0,0,0.29,0.29,0,0.29,0,0,0.3,0,0.08,0.08,0,0.08
24,Osvaldo Alonso\Osvaldo-Alonso,cu CUB,MF,Minnesota,33,1985,27,27,2365,2,0,0,0,4,0,0.08,0,0.08,0.08,0.08,0.5,0.5,0.8,0.02,0.03,0.05,0.02,0.05
25,Jozy Altidore\Jozy-Altidore,us USA,FW,Toronto FC,29,1989,22,18,1688,11,5,0,0,4,0,0.59,0.27,0.85,0.59,0.85,8.9,8.9,2.8,0.47,0.15,0.62,0.47,0.62
26,Efrain Alvarez\Efrain-Alvarez,mx MEX,MFFW,LA Galaxy,16,2002,14,4,523,0,3,0,0,2,1,0,0.52,0.52,0,0.52,0.5,0.5,1,0.09,0.17,0.26,0.09,0.26
27,Fabio Álvarez\Fabio-Alvarez,ar ARG,MFFW,LA Galaxy,26,1993,18,16,1260,3,4,0,0,5,0,0.21,0.29,0.5,0.21,0.5,2.6,2.6,2.1,0.19,0.15,0.34,0.19,0.34
28,Quincy Amarikwa\Quincy-Amarikwa,us USA,FW,D.C. United,31,1987,23,3,429,1,0,0,0,3,0,0.21,0,0.21,0.21,0.21,1.3,1.3,0.5,0.27,0.11,0.38,0.27,0.38
29,Frankie Amaya\Frankie-Amaya,us USA,MF,FC Cincinnati,18,2000,19,15,1238,0,0,0,0,2,0,0,0,0,0,0,0.7,0.7,1.5,0.05,0.11,0.15,0.05,0.15
30,Mikey Ambrose\Mikey-Ambrose,us USA,DF,Atlanta,25,1993,4,3,266,0,0,0,0,2,0,0,0,0,0,0,0,0,0.1,0,0.03,0.03,0,0.03
31,Michael Amir Murillo\Michael-Amir-Murillo,pa PAN,DF,NY Red Bulls,22,1996,22,18,1696,1,3,0,0,6,1,0.05,0.16,0.21,0.05,0.21,0.4,0.4,1.9,0.02,0.1,0.13,0.02,0.13
32,Sebastian Anderson\Sebastian-Anderson,us USA,DFFW,Colorado,16,2002,6,5,314,1,0,0,0,1,1,0.29,0,0.29,0.29,0.29,0,0,0.1,0.01,0.04,0.04,0.01,0.04
33,Jalil Anibaba\Jalil-Anibaba,us USA,DF,New England,30,1988,22,19,1764,1,0,0,0,4,1,0.05,0,0.05,0.05,0.05,0.4,0.4,0.2,0.02,0.01,0.03,0.02,0.03
34,Uriel Antuna\Uriel-Antuna,mx MEX,FWMF,LA Galaxy,21,1997,31,29,2413,6,5,0,0,1,0,0.22,0.19,0.41,0.22,0.41,8.8,8.8,4.3,0.33,0.16,0.49,0.33,0.49
35,Pablo Aránguiz\Pablo-Aranguiz,cl CHI,MFFW,FC Dallas,21,1997,11,7,561,0,0,0,0,0,0,0,0,0,0,0,1.1,1.1,0.3,0.18,0.05,0.23,0.18,0.23
36,Julian Araujo\Julian-Araujo,us USA,DFFW,LA Galaxy,17,2001,18,10,895,0,1,0,0,3,0,0,0.1,0.1,0,0.1,0.5,0.5,0.5,0.06,0.05,0.11,0.06,0.11
37,Joaquín Ardaiz\Joaquin-Ardaiz,uy URU,FW,Vancouver,20,1999,16,3,415,0,0,0,0,1,0,0,0,0,0,0,1.7,1.7,0.1,0.36,0.01,0.38,0.36,0.38
38,Luis Argudo\Luis-Argudo,us USA,FWMF,Columbus,23,1995,21,10,1065,1,3,0,0,1,0,0.08,0.25,0.34,0.08,0.34,1.8,1.8,1.3,0.15,0.11,0.26,0.15,0.26
39,Xavier Arreaga\Xavier-Arreaga,ec ECU,DF,Seattle,24,1994,14,12,1119,0,0,0,0,5,2,0,0,0,0,0,0.1,0.1,0,0.01,0,0.01,0.01,0.01
40,Luis Arriaga\Luis-Arriaga,us USA,DFMF,Real Salt Lake,18,2001,2,0,5,0,0,0,0,0,0,0,0,0,0,0,0,0,0,0,0,0,0,0
41,Paul Arriola\Paul-Arriola,us USA,FWMF,D.C. United,23,1995,29,28,2425,6,2,0,0,6,1,0.22,0.07,0.3,0.22,0.3,5.9,5.9,3.4,0.22,0.13,0.34,0.22,0.34
42,Artur\Artur,br BRA,MF,Columbus,22,1996,30,28,2450,0,0,0,0,4,0,0,0,0,0,0,0.4,0.4,0.4,0.02,0.02,0.03,0.02,0.03
43,Carlos Ascues\Carlos-Ascues,pe PER,MFDF,Orlando City,26,1992,17,14,1111,1,1,0,0,2,0,0.08,0.08,0.16,0.08,0.16,1.3,1.3,0.9,0.11,0.07,0.18,0.11,0.18
44,Dairon Asprilla\Dairon-Asprilla,co COL,FWMF,Portland,26,1992,13,7,564,2,0,1,1,1,1,0.32,0,0.32,0.16,0.16,3.3,2.6,0.5,0.53,0.08,0.61,0.41,0.49
45,Jeff Attinella\Jeff-Attinella,us USA,GK,Portland,30,1988,10,10,900,0,0,0,0,0,0,0,0,0,0,0,0,0,0,0,0,0,0,0
46,Francis Atuahene\Francis-Atuahene,gh GHA,FW,FC Dallas,22,1996,1,0,27,1,0,0,0,0,0,3.33,0,3.33,3.33,3.33,0.1,0.1,0,0.3,0,0.3,0.3,0.3
47,Eduard Atuesta\Eduard-Atuesta,co COL,MF,Los Angeles FC,21,1997,30,30,2631,3,8,0,0,8,0,0.1,0.27,0.38,0.1,0.38,2.6,2.6,4.7,0.09,0.16,0.25,0.09,0.25
48,Auro\Auro,br BRA,DF,Toronto FC,23,1996,23,22,1883,0,3,0,0,0,0,0,0.14,0.14,0,0.14,0.2,0.2,3,0.01,0.15,0.16,0.01,0.16
49,Micheal Azira\Micheal-Azira,ug UGA,MF,Chicago,31,1987,4,2,218,0,0,0,0,1,0,0,0,0,0,0,0.3,0.3,0.1,0.12,0.05,0.17,0.12,0.17
50,Micheal Azira\Micheal-Azira,ug UGA,MF,Montreal,31,1987,19,16,1444,0,1,0,0,3,0,0,0.06,0.06,0,0.06,0.6,0.6,0.7,0.04,0.04,0.08,0.04,0.08
51,Dominique Badji\Dominique-Badji,sn SEN,FW,FC Dallas,26,1992,28,24,2029,6,3,0,0,6,0,0.27,0.13,0.4,0.27,0.4,7.6,7.6,2.2,0.34,0.1,0.43,0.34,0.43
52,Theo Bair\Theo-Bair,ca CAN,FWMF,Vancouver,19,1999,17,10,822,2,2,0,0,1,0,0.22,0.22,0.44,0.22,0.44,1.8,1.8,0.7,0.2,0.07,0.27,0.2,0.27
53,Corey Baird\Corey-Baird,us USA,FWMF,Real Salt Lake,23,1996,31,23,2098,5,3,0,0,6,0,0.21,0.13,0.34,0.21,0.34,3.5,3.5,1.9,0.15,0.08,0.23,0.15,0.23
54,Lass Bangoura\Lass-Bangoura,gn GUI,FW,Vancouver,26,1992,17,7,634,1,1,0,0,1,0,0.14,0.14,0.28,0.14,0.28,0.3,0.3,0.8,0.04,0.11,0.15,0.04,0.15
55,Botond Baráth\Botond-Barath,hu HUN,DF,Sporting KC,26,1992,21,20,1748,1,0,0,0,6,0,0.05,0,0.05,0.05,0.05,1.1,1.1,0.4,0.06,0.02,0.08,0.06,0.08
56,Ezequiel Barco\Ezequiel-Barco,ar ARG,FWMF,Atlanta,19,1999,15,11,975,4,2,0,0,1,0,0.37,0.18,0.55,0.37,0.55,3.2,3.2,2.5,0.3,0.23,0.53,0.3,0.53
57,Tom Barlow\Tom-Barlow,us USA,FW,NY Red Bulls,23,1995,12,8,602,3,0,0,0,0,0,0.45,0,0.45,0.45,0.45,3.2,3.2,0.4,0.49,0.06,0.54,0.49,0.54
58,Michael Barrios\Michael-Barrios,co COL,FW,FC Dallas,27,1991,32,31,2724,5,13,0,0,6,0,0.17,0.43,0.59,0.17,0.59,5.3,5.3,10.8,0.17,0.36,0.53,0.17,0.53
59,Cole Bassett\Cole-Bassett,us USA,MF,Colorado,17,2001,20,14,1059,2,1,0,0,1,0,0.17,0.08,0.25,0.17,0.25,1.9,1.9,0.9,0.16,0.07,0.23,0.16,0.23
60,Clement Bayiha\Clement-Bayiha,ca CAN,FWMF,Montreal,19,1999,11,4,473,0,1,0,0,0,0,0,0.19,0.19,0,0.19,0.2,0.2,0.5,0.03,0.1,0.13,0.03,0.13
61,DaMarcus Beasley\DaMarcus-Beasley,us USA,DF,Houston,36,1982,12,12,1030,0,2,0,0,0,0,0,0.17,0.17,0,0.17,0.1,0.1,0.8,0.01,0.07,0.08,0.01,0.08
62,Kyle Beckerman\Kyle-Beckerman,us USA,MF,Real Salt Lake,36,1982,25,24,2127,0,4,0,0,9,0,0,0.17,0.17,0,0.17,0.5,0.5,0.4,0.02,0.02,0.04,0.02,0.04
63,Alejandro Bedoya\Alejandro-Bedoya,us USA,MF,Philadelphia,31,1987,32,32,2833,4,3,0,0,6,0,0.13,0.1,0.22,0.13,0.22,2.1,2.1,3.1,0.07,0.1,0.17,0.07,0.17
64,Dan Bedoya\Dan-Bedoya,co COL,FW,NYCFC,24,1994,1,0,1,0,0,0,0,0,0,0,0,0,0,0,0,0,0,0,0,0,0,0
65,Steven Beitashour\Steven-Beitashour,ir IRN,DF,Los Angeles FC,31,1987,25,24,1875,1,2,0,0,3,0,0.05,0.1,0.14,0.05,0.14,1.1,1.1,1.6,0.05,0.08,0.13,0.05,0.13
66,Joe Bendik\Joe-Bendik,us USA,GK,Columbus,29,1989,6,6,540,0,0,0,0,0,0,0,0,0,0,0,0,0,0,0,0,0,0,0
67,Nicolas Benezet\Nicolas-Benezet,fr FRA,FWMF,Toronto FC,27,1991,8,5,438,2,0,0,0,2,0,0.41,0,0.41,0.41,0.41,2.2,2.2,0.2,0.45,0.04,0.5,0.45,0.5
68,Leonardo Bertone\Leonardo-Bertone,ch SUI,MF,FC Cincinnati,24,1994,25,22,2056,1,1,0,0,9,0,0.04,0.04,0.09,0.04,0.09,0.9,0.9,1.5,0.04,0.07,0.11,0.04,0.11
69,Matt Besler\Matt-Besler,us USA,DF,Sporting KC,31,1987,27,25,2112,0,0,0,0,4,1,0,0,0,0,0,0.1,0.1,0.4,0,0.02,0.02,0,0.02
70,Nick Besler\Nick-Besler,us USA,MF,Real Salt Lake,25,1993,17,7,734,1,1,0,0,4,0,0.12,0.12,0.25,0.12,0.25,0.9,0.9,0.7,0.11,0.08,0.19,0.11,0.19
71,Vincent Bezecourt\Vincent-Bezecourt,fr FRA,MF,NY Red Bulls,25,1993,8,7,449,0,0,0,0,0,0,0,0,0,0,0,0.3,0.3,0.3,0.07,0.07,0.13,0.07,0.13
72,David Bingham\David-Bingham,us USA,GK,LA Galaxy,29,1989,33,33,2970,0,0,0,0,1,0,0,0,0,0,0,0,0,0.1,0,0,0,0,0
73,Steve Birnbaum\Steve-Birnbaum,us USA,DF,D.C. United,28,1991,34,34,3031,1,0,0,0,5,0,0.03,0,0.03,0.03,0.03,2,2,0.5,0.06,0.01,0.07,0.06,0.07
74,José Bizama\Jose-Bizama,cl CHI,DF,Houston,24,1994,5,4,354,0,0,0,0,1,0,0,0,0,0,0,0.1,0.1,0,0.02,0,0.02,0.02,0.02
75,Tristan Blackmon\Tristan-Blackmon,us USA,DF,Los Angeles FC,22,1996,18,15,1378,1,4,0,0,3,0,0.07,0.26,0.33,0.07,0.33,0.7,0.7,1.7,0.05,0.11,0.16,0.05,0.16
76,Andre Blake\Andre-Blake,jm JAM,GK,Philadelphia,28,1990,26,26,2303,0,0,0,0,1,0,0,0,0,0,0,0,0,0,0,0,0,0,0
77,Sebastián Blanco\Sebastian-Blanco,ar ARG,FWMF,Portland,30,1988,30,28,2507,6,10,0,0,8,0,0.22,0.36,0.57,0.22,0.57,6.5,6.5,9.6,0.23,0.34,0.58,0.23,0.58
78,Latif Blessing\Latif-Blessing,gh GHA,MF,Los Angeles FC,22,1996,34,29,2691,6,3,0,0,7,0,0.2,0.1,0.3,0.2,0.3,6.1,6.1,5.9,0.2,0.2,0.4,0.2,0.4
79,Johan Blomberg\Johan-Blomberg,se SWE,MFFW,Colorado,31,1987,3,1,88,0,0,0,0,2,1,0,0,0,0,0,0.1,0.1,0,0.06,0,0.06,0.06,0.06
80,Emmanuel Boateng\Emmanuel-Boateng,gh GHA,FWMF,LA Galaxy,25,1994,21,7,887,1,0,0,0,1,0,0.1,0,0.1,0.1,0.1,1.8,1.8,1.8,0.18,0.19,0.36,0.18,0.36
81,Emmanuel Boateng\Emmanuel-Boateng,gh GHA,FWMF,D.C. United,25,1994,3,0,54,0,0,0,0,0,0,0,0,0,0,0,0,0,0,0,0.06,0.06,0,0.06
82,Corben Bone\Corben-Bone,us USA,MFFW,FC Cincinnati,30,1988,6,2,187,0,0,0,0,0,0,0,0,0,0,0,0,0,0.5,0,0.24,0.24,0,0.24
83,Alex Bono\Alex-Bono,us USA,GK,Toronto FC,24,1994,7,6,556,0,0,0,0,0,0,0,0,0,0,0,0,0,0,0,0,0,0,0
84,Jonathan Bornstein\Jonathan-Bornstein,us USA,DF,Chicago,34,1984,11,11,911,0,0,0,0,1,0,0,0,0,0,0,0.1,0.1,0.2,0.01,0.02,0.02,0.01,0.02
85,Gustavo Bou\Gustavo-Bou,ar ARG,FWMF,New England,28,1990,14,13,1152,9,1,0,0,1,0,0.7,0.08,0.78,0.7,0.78,4.1,4.1,1.2,0.32,0.09,0.41,0.32,0.41
86,Michael Boxall\Michael-Boxall,nz NZL,DF,Minnesota,30,1988,29,29,2576,2,0,0,0,3,0,0.07,0,0.07,0.07,0.07,1.2,1.2,0.4,0.04,0.02,0.06,0.04,0.06
87,Terrence Boyd\Terrence-Boyd,us USA,FWMF,Toronto FC,27,1991,11,3,345,0,0,0,0,1,0,0,0,0,0,0,0.4,0.4,0,0.1,0,0.1,0.1,0.1
88,Michael Bradley\Michael-Bradley,us USA,MF,Toronto FC,31,1987,27,26,2373,3,1,0,0,4,0,0.11,0.04,0.15,0.11,0.15,2.3,2.3,1.2,0.09,0.04,0.13,0.09,0.13
89,Zachary Brault-Guillard\Zachary-Brault-Guillard,ca CAN,DF,Montreal,20,1998,13,9,874,0,1,0,0,1,0,0,0.1,0.1,0,0.1,0.6,0.6,1.5,0.06,0.15,0.21,0.06,0.21
90,Bressan\Bressan,br BRA,DF,FC Dallas,26,1993,18,12,1120,1,1,0,0,1,0,0.08,0.08,0.16,0.08,0.16,0.3,0.3,0.5,0.03,0.04,0.07,0.03,0.07
91,Shaft Brewer\Shaft-Brewer,us USA,DF,Los Angeles FC,19,1999,1,1,90,0,0,0,0,0,0,0,0,0,0,0,0,0,0,0.01,0,0.01,0.01,0.01
92,Frédéric Brillant\Frederic-Brillant,fr FRA,DF,D.C. United,33,1985,34,33,2959,2,1,0,0,5,0,0.06,0.03,0.09,0.06,0.09,2.9,2.9,0.6,0.09,0.02,0.11,0.09,0.11
93,Brandt Bronico\Brandt-Bronico,us USA,MFDF,Chicago,23,1995,29,20,1866,1,2,0,0,2,0,0.05,0.1,0.14,0.05,0.14,0.6,0.6,1.9,0.03,0.09,0.12,0.03,0.12
94,Omar Browne\Omar-Browne,pa PAN,FWMF,Montreal,24,1994,10,5,564,2,1,0,0,1,0,0.32,0.16,0.48,0.32,0.48,1.3,1.3,1.1,0.2,0.18,0.38,0.2,0.38
95,Will Bruin\Will-Bruin,us USA,FW,Seattle,29,1989,9,4,429,2,1,0,0,1,0,0.42,0.21,0.63,0.42,0.63,1.5,1.5,0,0.3,0.01,0.31,0.3,0.31
96,Tajon Buchanan\Tajon-Buchanan,ca CAN,MF,New England,19,1999,10,4,392,0,2,0,0,0,0,0,0.46,0.46,0,0.46,0.8,0.8,1.3,0.19,0.29,0.47,0.19,0.47
97,Rece Buckmaster\Rece-Buckmaster,us USA,DF,NY Red Bulls,22,1996,6,6,540,0,0,0,0,1,0,0,0,0,0,0,0.1,0.1,0.3,0.02,0.06,0.07,0.02,0.07
98,Teal Bunbury\Teal-Bunbury,us USA,FWMF,New England,28,1990,32,25,2189,6,2,0,0,2,0,0.25,0.08,0.33,0.25,0.33,6.5,6.5,1.6,0.27,0.07,0.33,0.27,0.33
99,Cory Burke\Cory-Burke,jm JAM,FW,Philadelphia,27,1991,7,5,490,2,0,0,0,2,0,0.37,0,0.37,0.37,0.37,1.8,1.1,0.3,0.32,0.06,0.39,0.2,0.27
100,Evan Bush\Evan-Bush,us USA,GK,Montreal,32,1986,32,32,2880,0,0,0,0,3,0,0,0,0,0,0,0,0,0,0,0,0,0,0
101,Gianluca Busio\Gianluca-Busio,us USA,MF,Sporting KC,16,2002,22,10,928,3,1,0,0,1,0,0.29,0.1,0.39,0.29,0.39,4.2,4,0.7,0.41,0.07,0.48,0.39,0.46
102,Handwalla Bwana\Handwalla-Bwana,us USA,FW,Seattle,21,1997,15,6,572,1,1,0,0,1,0,0.16,0.16,0.31,0.16,0.31,0.8,0.8,1.3,0.13,0.2,0.33,0.13,0.33
103,Brandon Bye\Brandon-Bye,us USA,DF,New England,23,1995,30,30,2655,2,2,0,0,6,1,0.07,0.07,0.14,0.07,0.14,1.6,1.6,2.7,0.05,0.09,0.14,0.05,0.14
104,Víctor Cabrera\Victor-Cabrera,ar ARG,DF,Montreal,25,1993,16,13,1180,0,0,0,0,2,0,0,0,0,0,0,0.3,0.3,0.1,0.02,0,0.03,0.02,0.03
105,Luís Caicedo\Luis-Caicedo,co COL,MF,New England,22,1996,31,27,2354,0,0,1,1,5,0,0,0,0,-0.04,-0.04,1.5,0.7,1,0.06,0.04,0.09,0.03,0.06
106,Scott Caldwell\Scott-Caldwell,us USA,MF,New England,27,1991,20,12,1082,0,0,0,0,2,0,0,0,0,0,0,0.1,0.1,0.3,0.01,0.03,0.03,0.01,0.03
107,Alexander Callens\Alexander-Callens,pe PER,DF,NYCFC,26,1992,24,24,2160,0,0,0,0,3,0,0,0,0,0,0,0.8,0.8,0.1,0.03,0.01,0.04,0.03,0.04
108,Eric Calvillo\Eric-Calvillo,us USA,MFDF,San Jose,21,1998,2,1,74,0,0,0,0,0,0,0,0,0,0,0,0,0,0,0,0,0,0,0
109,Francisco Calvo\Francisco-Calvo,cr CRC,DF,Chicago,26,1992,23,21,1936,3,1,0,0,4,0,0.14,0.05,0.19,0.14,0.19,2.7,2.7,1.2,0.13,0.06,0.18,0.13,0.18
110,Francisco Calvo\Francisco-Calvo,cr CRC,DF,Minnesota,26,1992,7,7,629,1,0,0,0,4,1,0.14,0,0.14,0.14,0.14,0.8,0.8,0.2,0.12,0.03,0.15,0.12,0.15
111,Rudy Camacho\Rudy-Camacho,fr FRA,DF,Montreal,27,1991,17,16,1463,1,0,0,0,4,0,0.06,0,0.06,0.06,0.06,1.1,1.1,0.3,0.07,0.02,0.08,0.07,0.08
112,Jonathan Campbell\Jonathan-Campbell,us USA,DF,Seattle,25,1993,4,4,360,0,0,0,0,1,0,0,0,0,0,0,0,0,0,0,0,0,0,0
113,Diego Campos\Diego-Campos,cr CRC,DF,Chicago,23,1995,10,5,440,0,0,0,0,1,0,0,0,0,0,0,0,0,0.2,0,0.05,0.06,0,0.06
114,Reggie Cannon\Reggie-Cannon,us USA,DF,FC Dallas,20,1998,28,26,2268,1,1,0,0,7,0,0.04,0.04,0.08,0.04,0.08,0.5,0.5,1.7,0.02,0.07,0.09,0.02,0.09
115,Russell Canouse\Russell-Canouse,us USA,MFDF,D.C. United,23,1995,26,25,2146,0,0,0,0,5,0,0,0,0,0,0,0.5,0.5,0.3,0.02,0.01,0.04,0.02,0.04
116,Andrew Carleton\Andrew-Carleton,us USA,MFFW,Atlanta,18,2000,3,0,67,0,0,0,0,0,0,0,0,0,0,0,0,0,0,0.03,0,0.03,0.03,0.03
117,Servando Carrasco\Servando-Carrasco,us USA,MF,LA Galaxy,30,1988,16,3,396,0,0,0,0,2,0,0,0,0,0,0,0,0,0.2,0,0.04,0.04,0,0.04
118,Julio Cascante\Julio-Cascante,cr CRC,DF,Portland,25,1993,22,16,1442,0,1,0,0,4,1,0,0.06,0.06,0,0.06,0.8,0.8,0.8,0.05,0.05,0.1,0.05,0.1
119,Cristian Cásseres Jr.\Cristian-Casseres-Jr,ve VEN,MF,NY Red Bulls,19,2000,23,21,1797,3,3,0,0,5,0,0.15,0.15,0.3,0.15,0.3,1.7,1.7,2,0.09,0.1,0.19,0.09,0.19
120,Valentín Castellanos\Valentin-Castellanos,ar ARG,FW,NYCFC,20,1998,30,23,2048,11,6,0,0,7,0,0.48,0.26,0.75,0.48,0.75,6.7,6.7,3,0.3,0.14,0.44,0.3,0.44
121,Edgar Castillo\Edgar-Castillo,us USA,DF,New England,32,1986,20,20,1689,0,5,0,0,2,0,0,0.27,0.27,0,0.27,0.6,0.6,2.1,0.03,0.11,0.14,0.03,0.14
122,Emanuel Cecchini\Emanuel-Cecchini,ar ARG,MF,Seattle,22,1996,4,1,157,0,0,0,0,1,0,0,0,0,0,0,0.1,0.1,0.1,0.06,0.07,0.12,0.06,0.12
123,Darwin Cerén\Darwin-Ceren,sv SLV,MF,Houston,29,1989,13,5,536,1,0,0,0,1,0,0.17,0,0.17,0.17,0.17,0.2,0.2,0.3,0.03,0.05,0.08,0.03,0.08
124,Edwin Cerrillo\Edwin-Cerrillo,us USA,MF,FC Dallas,18,2000,12,11,916,0,0,0,0,2,0,0,0,0,0,0,0.1,0.1,0.1,0.01,0.01,0.03,0.01,0.03
125,Thomás Chacón\Thomas-Chacon,uy URU,FW,Minnesota,18,2000,2,1,85,0,0,0,0,0,0,0,0,0,0,0,0.2,0.2,0,0.25,0.04,0.28,0.25,0.28
126,Maxime Chanot\Maxime-Chanot,lu LUX,DF,NYCFC,29,1989,31,31,2790,0,0,0,0,11,0,0,0,0,0,0,0.7,0.7,0.2,0.02,0.01,0.03,0.02,0.03
127,Jay Chapman\Jay-Chapman,ca CAN,MFFW,Toronto FC,25,1994,17,5,529,2,2,0,0,1,0,0.34,0.34,0.68,0.34,0.68,0.6,0.6,1.4,0.11,0.23,0.34,0.11,0.34
128,Diego Chará\Diego-Chara,co COL,MF,Portland,32,1986,30,29,2606,0,1,0,0,12,1,0,0.03,0.03,0,0.03,1.3,1.3,1.7,0.05,0.06,0.11,0.05,0.11
129,Michaell Chirinos\Michaell-Chirinos,hn HON,MFFW,Vancouver,23,1995,7,4,412,1,1,0,0,2,0,0.22,0.22,0.44,0.22,0.44,1.5,1.5,0.2,0.32,0.05,0.37,0.32,0.37
130,Mathieu Choiniere\Mathieu-Choiniere,ca CAN,FWMF,Montreal,19,1999,17,6,685,0,1,0,0,1,0,0,0.13,0.13,0,0.13,0.4,0.4,0.4,0.06,0.05,0.11,0.06,0.11
131,Laurent Ciman\Laurent-Ciman,be BEL,DF,Toronto FC,33,1985,17,14,1264,0,0,0,0,3,0,0,0,0,0,0,0.4,0.4,0.4,0.03,0.03,0.06,0.03,0.06
132,Ricardo Clark\Ricardo-Clark,us USA,MF,Columbus,35,1983,7,4,361,0,0,0,0,0,0,0,0,0,0,0,0.2,0.2,0.1,0.05,0.03,0.09,0.05,0.09
133,Steve Clark\Steve-Clark,us USA,GK,Portland,32,1986,24,24,2160,0,0,0,0,2,0,0,0,0,0,0,0,0,0,0,0,0,0,0
134,Aurélien Collin\Aurelien-Collin,fr FRA,DF,Philadelphia,32,1986,6,6,529,0,0,0,0,2,0,0,0,0,0,0,0.7,0.7,0,0.11,0,0.11,0.11,0.11
135,Josué Colmán\Josue-Colman,py PAR,FWMF,Orlando City,20,1998,8,1,160,0,1,0,0,0,0,0,0.56,0.56,0,0.56,0.1,0.1,0.6,0.08,0.34,0.43,0.08,0.43
136,Tomás Conechny\Tomas-Conechny,ar ARG,FWMF,Portland,20,1998,16,2,356,1,2,0,0,2,0,0.25,0.51,0.76,0.25,0.76,1.3,1.3,1.6,0.33,0.39,0.72,0.33,0.72
137,Derek Cornelius\Derek-Cornelius,ca CAN,DF,Vancouver,21,1997,17,16,1425,1,0,0,0,4,0,0.06,0,0.06,0.06,0.06,0.8,0.8,0.2,0.05,0.01,0.06,0.05,0.06
138,Joe Corona\Joe-Corona,us USA,MF,LA Galaxy,28,1990,31,26,2323,1,1,0,0,6,0,0.04,0.04,0.08,0.04,0.08,1.3,1.3,1.7,0.05,0.06,0.11,0.05,0.11
139,Carlos Coronel\Carlos-Coronel,br BRA,GK,Philadelphia,22,1996,4,3,320,0,0,0,0,0,0,0,0,0,0,0,0,0,0,0,0,0,0,0
140,Warren Creavalle\Warren-Creavalle,us USA,MF,Philadelphia,28,1990,13,5,369,0,1,0,0,0,0,0,0.24,0.24,0,0.24,0,0,0.7,0.01,0.16,0.17,0.01,0.17
141,Maxime Crépeau\Maxime-Crepeau,ca CAN,GK,Vancouver,24,1994,26,26,2340,0,0,0,0,2,0,0,0,0,0,0,0,0,0,0,0,0,0,0
142,Alex Crognale\Alex-Crognale,us USA,DF,Columbus,24,1994,12,9,884,0,0,0,0,5,0,0,0,0,0,0,1,1,0,0.11,0,0.11,0.11,0.11
143,Yohan Croizet\Yohan-Croizet,fr FRA,FWDF,Sporting KC,26,1992,20,12,1092,3,1,0,0,4,0,0.25,0.08,0.33,0.25,0.33,2.2,2.2,0.7,0.18,0.06,0.24,0.18,0.24
144,Cody Cropper\Cody-Cropper,us USA,GK,New England,25,1993,7,7,630,0,0,0,0,1,0,0,0,0,0,0,0,0,0,0,0,0,0,0
145,Allan Cruz\Allan-Cruz,cr CRC,MFFW,FC Cincinnati,22,1996,22,21,1734,7,0,0,0,5,0,0.36,0,0.36,0.36,0.36,4.6,4.6,0.9,0.24,0.05,0.29,0.24,0.29
146,Emil Cuello\Emil-Cuello,us USA,MFFW,LA Galaxy,21,1997,9,2,195,0,2,0,0,1,0,0,0.92,0.92,0,0.92,0.2,0.2,0.9,0.12,0.39,0.51,0.12,0.51
147,Harold Cummings\Harold-Cummings,pa PAN,DF,San Jose,26,1992,16,16,1389,0,0,0,0,5,0,0,0,0,0,0,0.1,0.1,0.3,0,0.02,0.02,0,0.02
148,Rashawn Dally\Rashawn-Dally,jm JAM,FW,FC Cincinnati,22,1997,12,8,544,1,0,0,0,0,0,0.17,0,0.17,0.17,0.17,1.1,1.1,0.5,0.18,0.08,0.26,0.18,0.26
149,Mario Daniel Vega\Mario-Daniel-Vega,ar ARG,GK,San Jose,34,1984,34,34,3060,0,0,0,0,1,0,0,0,0,0,0,0,0,0,0,0,0,0,0
150,Abu Danladi\Abu-Danladi,gh GHA,FWMF,Minnesota,23,1995,24,4,718,2,2,0,0,3,0,0.25,0.25,0.5,0.25,0.5,2.2,2.2,1.5,0.27,0.19,0.47,0.27,0.47
151,Juan David Cabezas\Juan-David-Cabezas,co COL,MF,Houston,27,1991,15,5,538,1,0,0,0,4,0,0.17,0,0.17,0.17,0.17,0.3,0.3,0,0.05,0.01,0.05,0.05,0.05
152,Sean Davis\Sean-Davis,us USA,MF,NY Red Bulls,25,1993,30,28,2557,0,1,0,0,0,0,0,0.04,0.04,0,0.04,0.6,0.6,1.5,0.02,0.05,0.08,0.02,0.08
153,Alex DeJohn\Alex-DeJohn,us USA,DF,Orlando City,27,1991,6,6,403,0,0,0,0,1,0,0,0,0,0,0,0.1,0.1,0.1,0.02,0.02,0.04,0.02,0.04
154,A.J. DeLaGarza\AJ-DeLaGarza,gu GUM,DF,Houston,31,1987,23,23,1991,0,1,0,0,5,0,0,0.05,0.05,0,0.05,0.2,0.2,0.5,0.01,0.02,0.03,0.01,0.03
155,Antonio Delamea Mlinar\Antonio-Delamea-Mlinar,si SVN,DF,New England,27,1991,17,16,1366,2,1,0,0,7,1,0.13,0.07,0.2,0.13,0.2,1.2,1.2,0.1,0.08,0,0.08,0.08,0.08
156,Jordy Delem\Jordy-Delem,mq MTQ,MF,Seattle,25,1993,23,17,1437,0,0,0,0,4,0,0,0,0,0,0,0.4,0.4,0,0.03,0,0.03,0.03,0.03
157,Nick DeLeon\Nick-DeLeon,us USA,MFFW,Toronto FC,28,1990,32,23,1853,6,1,0,0,2,0,0.29,0.05,0.34,0.29,0.34,4.3,4.3,2.6,0.21,0.12,0.33,0.21,0.33
158,Marky Delgado\Marky-Delgado,us USA,MF,Toronto FC,23,1995,30,29,2548,2,5,0,0,4,0,0.07,0.18,0.25,0.07,0.25,2.6,2.6,3.8,0.09,0.13,0.22,0.09,0.22
159,Mathieu Deplagne\Mathieu-Deplagne,fr FRA,DF,FC Cincinnati,27,1991,33,33,2875,1,1,0,0,4,0,0.03,0.03,0.06,0.03,0.06,2.4,2.4,1,0.07,0.03,0.11,0.07,0.11
160,Maikel van der Werff\Maikel-van-der-Werff,nl NED,DF,FC Cincinnati,29,1989,11,11,990,0,0,0,0,2,0,0,0,0,0,0,0.9,0.9,0.2,0.08,0.02,0.1,0.08,0.1
161,Tyler Deric\Tyler-Deric,us USA,GK,Houston,30,1988,7,7,630,0,0,0,0,0,0,0,0,0,0,0,0,0,0,0,0,0,0,0
162,Justin Dhillon\Justin-Dhillon,us USA,FW,Seattle,23,1995,5,3,264,0,0,0,0,0,0,0,0,0,0,0,0.8,0.8,0.5,0.28,0.17,0.45,0.28,0.45
163,Zakaria Diallo\Zakaria-Diallo,fr FRA,DF,Montreal,32,1986,24,23,2036,3,2,0,0,2,1,0.13,0.09,0.22,0.13,0.22,1.8,1.8,0.7,0.08,0.03,0.11,0.08,0.11
164,Luis Díaz\Luis-Diaz,cr CRC,FWMF,Columbus,20,1998,13,9,796,2,3,0,0,1,0,0.23,0.34,0.57,0.23,0.57,0.9,0.9,2.2,0.1,0.25,0.35,0.1,0.35
165,Eric Dick\Eric-Dick,us USA,GK,Sporting KC,24,1994,1,1,90,0,0,0,0,0,0,0,0,0,0,0,0,0,0,0,0,0,0,0
166,Claude Dielna\Claude-Dielna,GPE,DF,Portland,31,1987,15,12,1087,0,0,0,0,3,0,0,0,0,0,0,1,1,0.1,0.09,0.01,0.09,0.09,0.09
167,Adama Diomande\Adama-Diomande,no NOR,FW,Los Angeles FC,28,1990,25,15,1436,8,5,0,0,1,0,0.5,0.31,0.81,0.5,0.81,9.3,9.3,3.3,0.58,0.21,0.79,0.58,0.79
168,Clément Diop\Clement-Diop,sn SEN,GK,Montreal,25,1993,2,2,180,0,0,0,0,0,0,0,0,0,0,0,0,0,0,0,0,0,0,0
169,Griffin Dorsey\Griffin-Dorsey,us USA,DF,Toronto FC,19,1999,1,0,4,0,0,0,0,0,0,0,0,0,0,0,0,0,0,0,0,0,0,0
170,Jonathan dos Santos\Jonathan-dos-Santos,mx MEX,MF,LA Galaxy,28,1990,29,29,2542,2,3,1,1,5,0,0.07,0.11,0.18,0.04,0.14,1.2,0.4,3.8,0.04,0.13,0.18,0.01,0.15
171,Hassani Dotson\Hassani-Dotson,us USA,DFMF,Minnesota,21,1997,24,15,1410,4,0,0,0,2,0,0.26,0,0.26,0.26,0.26,0.6,0.6,0.4,0.04,0.02,0.06,0.04,0.06
172,Kyle Duncan\Kyle-Duncan,us USA,DF,NY Red Bulls,21,1997,13,13,1078,1,2,0,0,4,0,0.08,0.17,0.25,0.08,0.25,0.5,0.5,1.2,0.05,0.1,0.14,0.05,0.14
173,Chris Durkin\Chris-Durkin,us USA,MF,D.C. United,18,2000,13,7,640,1,0,0,0,1,0,0.14,0,0.14,0.14,0.14,0.1,0.1,0.3,0.02,0.05,0.06,0.02,0.06
174,Chris Duvall\Chris-Duvall,us USA,DF,Houston,27,1991,1,1,90,0,0,0,0,0,0,0,0,0,0,0,0,0,0,0,0,0,0,0
175,Dom Dwyer\Dom-Dwyer,us USA,FW,Orlando City,28,1990,27,16,1616,7,3,0,0,6,1,0.39,0.17,0.56,0.39,0.56,8.8,8.8,1.4,0.49,0.08,0.57,0.49,0.57
176,Jeremy Ebobisse\Jeremy-Ebobisse,us USA,FW,Portland,21,1997,34,25,2307,11,1,0,0,3,0,0.43,0.04,0.47,0.43,0.47,10.5,10.5,2,0.41,0.08,0.49,0.41,0.49
177,Raheem Edwards\Raheem-Edwards,ca CAN,DF,Chicago,23,1995,4,2,245,1,0,0,0,2,0,0.37,0,0.37,0.37,0.37,0.6,0.6,0.3,0.24,0.09,0.33,0.24,0.33
178,Alberth Elis\Alberth-Elis,hn HON,FWMF,Houston,22,1996,26,22,1923,9,8,2,2,6,1,0.42,0.37,0.8,0.33,0.7,10,8.5,7.1,0.47,0.33,0.8,0.4,0.73
179,Jack Elliott\Jack-Elliott,eng ENG,DF,Philadelphia,23,1995,34,34,3060,2,0,0,0,4,0,0.06,0,0.06,0.06,0.06,2.7,2.7,0.8,0.08,0.02,0.1,0.08,0.1
180,Tsubasa Endoh\Tsubasa-Endoh,jp JPN,FWMF,Toronto FC,25,1993,13,10,873,3,2,0,0,1,0,0.31,0.21,0.52,0.31,0.52,1.7,1.7,1.2,0.18,0.12,0.3,0.18,0.3
181,Marcus Epps\Marcus-Epps,us USA,MFDF,NY Red Bulls,24,1995,3,1,110,0,0,0,0,0,0,0,0,0,0,0,0,0,0,0.04,0,0.04,0.04,0.04
182,Jon Erice\Jon-Erice,es ESP,MF,Vancouver,32,1986,21,21,1747,0,1,0,0,2,0,0,0.05,0.05,0,0.05,0.2,0.2,0.8,0.01,0.04,0.05,0.01,0.05
183,Magnus Eriksson\Magnus-Eriksson,se SWE,MF,San Jose,28,1990,32,32,2802,6,7,1,1,5,0,0.19,0.22,0.42,0.16,0.39,5.7,4.9,7.7,0.18,0.25,0.43,0.16,0.41
184,Franco Escobar\Franco-Escobar,ar ARG,DF,Atlanta,23,1995,25,22,2013,1,2,0,0,9,0,0.04,0.09,0.13,0.04,0.13,0.8,0.8,1.8,0.04,0.08,0.12,0.04,0.12
185,Cristian Espinoza\Cristian-Espinoza,ar ARG,FWMF,San Jose,23,1995,30,30,2524,2,10,0,0,8,2,0.07,0.36,0.43,0.07,0.43,4.3,4.3,9.9,0.15,0.35,0.5,0.15,0.5
186,Roger Espinoza\Roger-Espinoza,hn HON,MF,Sporting KC,32,1986,16,15,1140,0,1,0,0,5,3,0,0.08,0.08,0,0.08,1.1,1.1,1.4,0.09,0.11,0.2,0.09,0.2
187,Derrick Etienne\Derrick-Etienne,ht HAI,FWMF,NY Red Bulls,22,1996,11,5,467,1,1,0,0,0,0,0.19,0.19,0.39,0.19,0.39,0.8,0.8,0.6,0.16,0.11,0.26,0.16,0.26
188,Derrick Etienne\Derrick-Etienne,ht HAI,FW,FC Cincinnati,22,1996,5,2,220,0,0,0,0,0,0,0,0,0,0,0,0.2,0.2,0.1,0.07,0.03,0.1,0.07,0.1
189,Marco Fabián\Marco-Fabian,mx MEX,MFFW,Philadelphia,29,1989,23,15,1246,7,1,2,4,5,1,0.51,0.07,0.58,0.36,0.43,6.9,3.8,1.9,0.5,0.13,0.63,0.28,0.41
190,Fabinho\Fabinho,br BRA,DF,Philadelphia,33,1985,1,1,90,0,0,0,0,0,0,0,0,0,0,0,0,0,0,0.03,0,0.03,0.03,0.03
191,Diego Fagúndez\Diego-Fagundez,uy URU,MFFW,New England,23,1995,25,13,1175,2,3,0,1,2,0,0.15,0.23,0.38,0.15,0.38,2.6,1.9,1.7,0.2,0.13,0.33,0.14,0.28
192,Rod Fanni\Rod-Fanni,fr FRA,DF,Montreal,37,1981,3,3,270,0,0,0,0,0,0,0,0,0,0,0,0,0,0.1,0,0.02,0.02,0,0.02
193,Marco Farfan\Marco-Farfan,us USA,DF,Portland,20,1998,3,3,189,0,0,0,0,2,0,0,0,0,0,0,0,0,0,0,0.01,0.01,0,0.01
194,Andrew Farrell\Andrew-Farrell,us USA,DF,New England,26,1992,29,29,2602,0,1,0,0,7,0,0,0.03,0.03,0,0.03,0,0,0.5,0,0.02,0.02,0,0.02
195,Benny Feilhaber\Benny-Feilhaber,us USA,MF,Colorado,34,1985,9,7,619,2,2,0,0,3,0,0.29,0.29,0.58,0.29,0.58,1.1,1.1,0.7,0.16,0.1,0.26,0.16,0.26
196,Benny Feilhaber\Benny-Feilhaber,us USA,MF,Sporting KC,34,1985,17,13,1100,2,1,0,0,3,0,0.16,0.08,0.25,0.16,0.25,1.6,1.6,1.6,0.13,0.13,0.26,0.13,0.26
197,Felipe\Felipe,br BRA,MF,D.C. United,28,1990,9,9,774,0,0,0,0,1,0,0,0,0,0,0,0.2,0.2,0.4,0.02,0.05,0.07,0.02,0.07
198,Felipe\Felipe,br BRA,MF,Vancouver,28,1990,18,13,1142,1,0,0,0,5,0,0.08,0,0.08,0.08,0.08,1.2,1.2,0.6,0.09,0.05,0.14,0.09,0.14
199,Luis Felipe\Luis-Felipe,br BRA,MF,San Jose,23,1996,3,0,42,0,0,0,0,1,0,0,0,0,0,0,0,0,0,0,0,0,0,0
200,Rolf Feltscher\Rolf-Feltscher,ve VEN,DF,LA Galaxy,28,1990,25,25,2178,1,3,0,0,7,0,0.04,0.12,0.17,0.04,0.17,1.8,1.8,3.8,0.08,0.16,0.23,0.08,0.23
201,Gerso Fernandes\Gerso-Fernandes,gw GNB,FWMF,Sporting KC,27,1991,25,20,1745,2,6,0,0,5,0,0.1,0.31,0.41,0.1,0.41,5.4,5.4,4.6,0.28,0.24,0.52,0.28,0.52
202,Brian Fernández\Brian-Fernandez,ar ARG,FW,Portland,24,1994,19,16,1409,11,1,0,0,4,1,0.7,0.06,0.77,0.7,0.77,8.4,8.4,2.5,0.53,0.16,0.7,0.53,0.7
203,Omir Fernandez\Omir-Fernandez,us USA,FWMF,NY Red Bulls,19,1999,18,3,580,2,1,0,0,0,0,0.31,0.16,0.47,0.31,0.47,2.1,2.1,1.1,0.33,0.17,0.5,0.33,0.5
204,Juan Fernando Caicedo\Juan-Fernando-Caicedo,co COL,FW,New England,29,1989,27,13,1073,5,2,0,0,2,0,0.42,0.17,0.59,0.42,0.59,4.9,4.9,0.9,0.41,0.07,0.48,0.41,0.48
205,Jesus Ferreira\Jesus-Ferreira,us USA,FWMF,FC Dallas,18,2000,33,29,2439,8,5,0,0,4,0,0.3,0.18,0.48,0.3,0.48,8.9,8.9,2.5,0.33,0.09,0.42,0.33,0.42
206,Marcelo dos Santos Ferreira\Marcelo-dos-Santos-Ferreira,br BRA,DF,Chicago,29,1989,16,12,1151,0,0,0,0,1,0,0,0,0,0,0,0.3,0.3,0,0.02,0,0.02,0.02,0.02
207,Carlos Fierro\Carlos-Fierro,mx MEX,FWMF,San Jose,24,1994,7,2,229,0,0,0,0,0,0,0,0,0,0,0,1,1,0,0.39,0.01,0.4,0.39,0.4
208,Maynor Figueroa\Maynor-Figueroa,hn HON,DF,Houston,35,1983,25,25,2249,0,1,0,0,6,1,0,0.04,0.04,0,0.04,0.8,0.8,1.2,0.03,0.05,0.08,0.03,0.08
209,Ethan Finlay\Ethan-Finlay,us USA,FWMF,Minnesota,28,1990,33,22,1911,7,2,2,2,3,0,0.33,0.09,0.42,0.24,0.33,7.3,5.8,2.9,0.34,0.14,0.48,0.27,0.41
210,Andrés Flores\Andres-Flores,sv SLV,MF,Portland,28,1990,15,9,778,0,1,0,0,0,0,0,0.12,0.12,0,0.12,0.5,0.5,0.1,0.06,0.01,0.08,0.06,0.08
211,Anthony Fontana\Anthony-Fontana,us USA,MFFW,Philadelphia,19,1999,8,0,127,1,0,0,0,0,0,0.71,0,0.71,0.71,0.71,0.6,0.6,0,0.46,0,0.46,0.46,0.46
212,Andreu Fontàs\Andreu-Fontas,es ESP,DF,Sporting KC,29,1989,13,10,967,0,0,0,0,2,0,0,0,0,0,0,0.4,0.4,0.1,0.04,0.01,0.05,0.04,0.05
213,Waylon Francis\Waylon-Francis,cr CRC,DF,Columbus,28,1990,17,16,1382,0,0,0,0,3,0,0,0,0,0,0,0.1,0.1,0.5,0,0.03,0.04,0,0.04
214,Przemysław Frankowski\Przemyslaw-Frankowski,pl POL,FWMF,Chicago,23,1995,31,24,2303,5,7,0,0,3,0,0.2,0.27,0.47,0.2,0.47,6.6,6.6,5.6,0.26,0.22,0.48,0.26,0.48
215,Liam Fraser\Liam-Fraser,ca CAN,MFDF,Toronto FC,20,1998,9,9,810,0,0,0,0,3,0,0,0,0,0,0,0.6,0.6,0.2,0.07,0.03,0.1,0.07,0.1
216,Matt Freese\Matt-Freese,us USA,GK,Philadelphia,20,1998,6,5,437,0,0,0,0,0,0,0,0,0,0,0,0,0,0,0,0,0,0,0
217,Stefan Frei\Stefan-Frei,ch SUI,GK,Seattle,32,1986,34,34,3060,0,0,0,0,1,0,0,0,0,0,0,0,0,0,0,0,0,0,0
218,Alejandro Fuenmayor\Alejandro-Fuenmayor,ve VEN,DF,Houston,22,1996,8,8,698,0,1,0,0,3,0,0,0.13,0.13,0,0.13,0.8,0.8,0,0.1,0,0.1,0.1,0.1
219,Gilbert Fuentes\Gilbert-Fuentes,us USA,FW,San Jose,16,2002,1,0,3,0,0,0,0,0,0,0,0,0,0,0,0,0,0,0,0,0,0,0
220,Ray Gaddis\Ray-Gaddis,us USA,DF,Philadelphia,29,1990,34,34,2958,0,1,0,0,2,0,0,0.03,0.03,0,0.03,0.5,0.5,1,0.02,0.03,0.05,0.02,0.05
221,Nicolás Gaitán\Nicolas-Gaitan,ar ARG,MF,Chicago,30,1988,27,25,2006,4,11,1,3,2,1,0.18,0.49,0.67,0.13,0.63,5.6,3.2,6,0.26,0.28,0.55,0.15,0.43
222,Erickson Gallardo\Erickson-Gallardo,ve VEN,MFFW,Toronto FC,25,1993,5,4,241,0,1,0,0,0,0,0,0.37,0.37,0,0.37,0.4,0.4,0.5,0.16,0.21,0.37,0.16,0.37
223,Boniek García\Boniek-Garcia,hn HON,MF,Houston,34,1984,32,30,2577,0,1,0,0,5,0,0,0.03,0.03,0,0.03,0.7,0.7,1.8,0.03,0.06,0.09,0.03,0.09
224,Kevin Garcia\Kevin-Garcia,us USA,DF,Houston,28,1990,12,8,816,0,0,0,0,1,0,0,0,0,0,0,0.1,0.1,0,0.01,0,0.01,0.01,0.01
225,Greg Garza\Greg-Garza,us USA,DF,FC Cincinnati,27,1991,13,11,908,0,0,0,0,1,0,0,0,0,0,0,0,0,0.9,0,0.08,0.08,0,0.08
226,Chase Gasper\Chase-Gasper,us USA,DF,Minnesota,23,1996,15,14,1293,0,0,0,0,7,1,0,0,0,0,0,0.3,0.3,0.5,0.02,0.03,0.06,0.02,0.06
227,Carles Gil\Carles-Gil,es ESP,MFFW,New England,26,1992,34,34,3051,10,12,4,5,5,0,0.29,0.35,0.65,0.18,0.53,7.9,4.1,8.5,0.23,0.25,0.48,0.12,0.37
228,Justen Glad\Justen-Glad,us USA,DF,Real Salt Lake,21,1997,23,23,2063,0,0,0,0,2,0,0,0,0,0,0,1.1,1.1,0.2,0.05,0.01,0.06,0.05,0.06
229,Aníbal Godoy\Anibal-Godoy,pa PAN,MF,San Jose,28,1990,15,15,1343,0,1,0,0,8,0,0,0.07,0.07,0,0.07,0.2,0.2,0.9,0.01,0.06,0.07,0.01,0.07
230,Erik Godoy\Erik-Godoy,ar ARG,DF,Vancouver,25,1993,29,28,2597,1,1,0,0,6,0,0.03,0.03,0.07,0.03,0.07,0.8,0.8,0.8,0.03,0.03,0.05,0.03,0.05
231,Leandro González Pirez\Leandro-Gonzalez-Pirez,ar ARG,DF,Atlanta,26,1992,31,31,2699,1,0,0,0,11,1,0.03,0,0.03,0.03,0.03,2.2,2.2,0.4,0.07,0.01,0.09,0.07,0.09
232,Giancarlo González\Giancarlo-Gonzalez,cr CRC,DF,LA Galaxy,30,1988,20,15,1434,1,0,0,0,5,0,0.06,0,0.06,0.06,0.06,0.7,0.7,0.2,0.04,0.01,0.05,0.04,0.05
233,Jesse Gonzalez\Jesse-Gonzalez,mx MEX,GK,FC Dallas,23,1995,32,32,2880,0,0,0,0,5,0,0,0,0,0,0,0,0,0.1,0,0,0,0,0
234,Omar Gonzalez\Omar-Gonzalez,us USA,DF,Toronto FC,30,1988,14,14,1260,1,1,0,0,0,0,0.07,0.07,0.14,0.07,0.14,0.6,0.6,0.1,0.04,0.01,0.05,0.04,0.05
235,Ján Greguš\Jan-Gregus,sk SVK,MF,Minnesota,28,1991,30,30,2677,1,9,0,0,4,1,0.03,0.3,0.34,0.03,0.34,1.7,1.7,5.4,0.06,0.18,0.24,0.06,0.24
236,Julian Gressel\Julian-Gressel,de GER,DFFW,Atlanta,25,1993,33,31,2686,6,11,0,0,3,0,0.2,0.37,0.57,0.2,0.57,5,5,8.8,0.17,0.29,0.46,0.17,0.46
237,Carlos Gruezo\Carlos-Gruezo,ec ECU,MF,FC Dallas,23,1995,9,9,783,1,0,0,0,1,0,0.11,0,0.11,0.11,0.11,0.7,0.7,0.2,0.08,0.02,0.1,0.08,0.1
238,Felipe Gutiérrez\Felipe-Gutierrez,cl CHI,MF,Sporting KC,28,1990,32,31,2716,12,1,5,6,11,0,0.4,0.03,0.43,0.23,0.27,9.5,5,4.9,0.32,0.16,0.48,0.16,0.33
239,Jeremiah Gutjahr\Jeremiah-Gutjahr,us USA,DF,Chicago,21,1997,8,5,503,0,1,0,0,1,0,0,0.18,0.18,0,0.18,0,0,0.3,0.01,0.07,0.08,0.01,0.08
240,Andrew Gutman\Andrew-Gutman,us USA,DF,FC Cincinnati,22,1996,8,5,483,0,1,0,0,2,0,0,0.19,0.19,0,0.19,0.2,0.2,0.2,0.03,0.03,0.06,0.03,0.06
241,Brad Guzan\Brad-Guzan,us USA,GK,Atlanta,34,1984,34,34,3060,0,0,0,0,0,0,0,0,0,0,0,0,0,0,0,0,0,0,0
242,David Guzmán\David-Guzman,cr CRC,MF,Portland,28,1990,5,4,348,0,1,0,0,0,0,0,0.26,0.26,0,0.26,0.2,0.2,1.3,0.04,0.33,0.37,0.04,0.37
243,David Guzmán\David-Guzman,cr CRC,MF,Columbus,28,1990,16,13,1137,0,0,0,0,6,0,0,0,0,0,0,0.8,0.8,0.4,0.06,0.04,0.09,0.06,0.09
244,Edwin Gyasi\Edwin-Gyasi,gh GHA,FW,FC Dallas,27,1991,4,1,84,0,0,0,0,0,0,0,0,0,0,0,0.1,0.1,0,0.1,0.03,0.13,0.1,0.13
245,Joe Gyau\Joe-Gyau,us USA,FWMF,FC Cincinnati,26,1992,8,5,461,0,0,0,0,0,1,0,0,0,0,0,0.6,0.6,0.1,0.11,0.01,0.12,0.11,0.12
246,Justin Haak\Justin-Haak,us USA,MF,NYCFC,17,2001,3,0,7,0,0,0,0,0,0,0,0,0,0,0,0,0,0,0,0,0,0,0
247,Nick Hagglund\Nick-Hagglund,us USA,DF,FC Cincinnati,26,1992,22,20,1803,0,0,0,0,2,0,0,0,0,0,0,0.9,0.9,0.1,0.04,0.01,0.05,0.04,0.05
248,Marlon Hairston\Marlon-Hairston,us USA,FW,Houston,24,1994,12,5,412,0,0,0,0,0,0,0,0,0,0,0,0.7,0.7,0.5,0.16,0.12,0.28,0.16,0.28
249,Siad Haji\Siad-Haji,us USA,DFMF,San Jose,19,1999,4,0,44,0,0,0,0,0,0,0,0,0,0,0,0,0,0,0,0,0,0,0
250,Niko Hämäläinen\Niko-Hamalainen,fi FIN,DF,Los Angeles FC,21,1997,3,1,96,0,1,0,0,0,0,0,0.94,0.94,0,0.94,0,0,0,0,0.02,0.02,0,0.02
251,Bill Hamid\Bill-Hamid,us USA,GK,D.C. United,28,1990,33,33,2970,0,0,0,0,0,0,0,0,0,0,0,0,0,0.2,0,0.01,0.01,0,0.01
252,Jordan Hamilton\Jordan-Hamilton,ca CAN,FW,Toronto FC,22,1996,14,7,624,4,0,0,0,0,0,0.58,0,0.58,0.58,0.58,4.1,4.1,0.2,0.59,0.03,0.62,0.59,0.62
253,Jordan Hamilton\Jordan-Hamilton,ca CAN,FW,Columbus,22,1996,4,0,60,0,0,0,0,0,0,0,0,0,0,0,0.1,0.1,0,0.15,0,0.15,0.15,0.15
254,Niko Hansen\Niko-Hansen,dk DEN,MFDF,Columbus,24,1994,9,2,252,0,0,0,0,1,0,0,0,0,0,0,0,0,0.2,0,0.07,0.07,0,0.07
255,Niko Hansen\Niko-Hansen,dk DEN,MFFW,Houston,24,1994,4,0,38,0,0,0,0,0,0,0,0,0,0,0,0.1,0.1,0,0.14,0,0.14,0.14,0.14
256,Jordan Harvey\Jordan-Harvey,us USA,DF,Los Angeles FC,35,1984,30,28,2359,1,4,0,0,4,0,0.04,0.15,0.19,0.04,0.19,1.1,1.1,2.2,0.04,0.09,0.13,0.04,0.13
257,Nicolas Hasler\Nicolas-Hasler,li LIE,DF,Sporting KC,27,1991,9,7,636,0,0,0,0,0,0,0,0,0,0,0,0,0,0.6,0.01,0.09,0.1,0.01,0.1
258,Nicolas Hasler\Nicolas-Hasler,li LIE,DF,Chicago,27,1991,3,1,74,0,0,0,0,0,0,0,0,0,0,0,0,0,0,0.03,0.06,0.09,0.03,0.09
259,Jacori Hayes\Jacori-Hayes,us USA,MF,FC Dallas,23,1995,19,8,854,0,2,0,0,1,0,0,0.21,0.21,0,0.21,0.4,0.4,0.4,0.04,0.04,0.08,0.04,0.08
260,Héber\Heber,br BRA,FW,NYCFC,27,1991,22,18,1573,15,3,0,0,1,0,0.86,0.17,1.03,0.86,1.03,9.9,9.9,2,0.6,0.12,0.72,0.6,0.72
261,Matt Hedges\Matt-Hedges,us USA,DF,FC Dallas,28,1990,33,33,2883,1,0,0,0,5,1,0.03,0,0.03,0.03,0.03,1.5,1.5,0.6,0.05,0.02,0.06,0.05,0.06
262,Doneil Henry\Doneil-Henry,ca CAN,DF,Vancouver,25,1993,25,24,2123,4,0,0,0,3,0,0.17,0,0.17,0.17,0.17,1.1,1.1,0,0.05,0,0.05,0.05,0.05
263,Fabian Herbers\Fabian-Herbers,de GER,MFFW,Chicago,25,1993,17,7,780,3,1,0,0,3,0,0.35,0.12,0.46,0.35,0.46,1.9,1.9,1.1,0.21,0.12,0.34,0.21,0.34
264,Felipe Hernandez\Felipe-Hernandez,us USA,MF,Sporting KC,20,1998,2,1,96,0,0,0,0,0,0,0,0,0,0,0,0,0,0,0.02,0,0.02,0.02,0.02
265,Aaron Herrera\Aaron-Herrera,us USA,DF,Real Salt Lake,21,1997,32,31,2768,0,3,0,0,7,1,0,0.1,0.1,0,0.1,0.6,0.6,2.3,0.02,0.07,0.09,0.02,0.09
266,Federico Higuaín\Federico-Higuain,ar ARG,MF,Columbus,34,1984,14,13,1129,1,3,0,1,2,0,0.08,0.24,0.32,0.08,0.32,2.1,1.3,2.5,0.17,0.2,0.37,0.11,0.31
267,Cristian Higuita\Cristian-Higuita,co COL,MF,Orlando City,25,1994,9,7,643,0,0,0,0,5,0,0,0,0,0,0,0.2,0.2,0.1,0.03,0.02,0.05,0.03,0.05
268,Danny Hoesen\Danny-Hoesen,nl NED,FW,San Jose,28,1991,30,12,1478,5,3,0,0,1,0,0.3,0.18,0.49,0.3,0.49,8.2,8.2,3.1,0.5,0.19,0.69,0.5,0.69
269,Ryan Hollingshead\Ryan-Hollingshead,us USA,DF,FC Dallas,27,1991,34,33,2960,6,1,0,0,3,0,0.18,0.03,0.21,0.18,0.21,3.8,3.8,2,0.12,0.06,0.18,0.12,0.18
270,Erik Holt\Erik-Holt,us USA,DF,Real Salt Lake,22,1996,5,5,370,0,0,0,0,0,0,0,0,0,0,0,0,0,0,0,0,0,0,0
271,Shandon Hopeau\Shandon-Hopeau,us USA,FW,Seattle,20,1998,1,0,33,0,0,0,0,0,0,0,0,0,0,0,0,0,0,0,0,0,0,0
272,André Horta\Andre-Horta,pt POR,MF,Los Angeles FC,22,1996,4,2,184,0,0,0,0,1,0,0,0,0,0,0,0.2,0.2,0.1,0.11,0.04,0.15,0.11,0.15
273,Tim Howard\Tim-Howard,us USA,GK,Colorado,39,1979,25,25,2159,0,0,0,0,1,0,0,0,0,0,0,0,0,0.1,0,0,0,0,0
274,Justin Hoyte\Justin-Hoyte,tt TRI,DF,FC Cincinnati,34,1984,17,16,1476,0,0,0,0,3,0,0,0,0,0,0,0.1,0.1,0.1,0,0.01,0.01,0,0.01
275,Erik Hurtado\Erik-Hurtado,us USA,FW,Sporting KC,28,1990,13,8,816,2,0,0,0,1,0,0.22,0,0.22,0.22,0.22,3.3,3.3,0.4,0.37,0.04,0.41,0.37,0.41
276,Emerson Hyndman\Emerson-Hyndman,us USA,MFFW,Atlanta,22,1996,15,10,987,1,1,0,0,1,0,0.09,0.09,0.18,0.09,0.18,1.6,1.6,0.9,0.15,0.08,0.22,0.15,0.22
277,Miguel Ibarra\Miguel-Ibarra,us USA,FWMF,Minnesota,28,1990,22,16,1506,1,1,0,0,4,0,0.06,0.06,0.12,0.06,0.12,2.4,2.4,2.4,0.14,0.14,0.28,0.14,0.28
278,Romario Ibarra\Romario-Ibarra,ec ECU,FW,Minnesota,24,1994,8,4,380,2,0,0,0,1,0,0.47,0,0.47,0.47,0.47,1.2,1.2,0.2,0.28,0.05,0.34,0.28,0.34
279,Sebastien Ibeagha\Sebastien-Ibeagha,us USA,DF,NYCFC,27,1992,23,11,1117,0,0,0,0,1,0,0,0,0,0,0,0.1,0.1,0,0,0,0,0,0
280,Zlatan Ibrahimović\Zlatan-Ibrahimovic,se SWE,FW,LA Galaxy,37,1981,29,29,2610,30,7,6,7,7,0,1.03,0.24,1.28,0.83,1.07,22.9,17.4,6.3,0.79,0.22,1.01,0.6,0.82
281,Ilsinho\Ilsinho,br BRA,FWMF,Philadelphia,33,1985,28,7,1094,5,5,0,0,2,0,0.41,0.41,0.82,0.41,0.82,2.5,2.4,2.8,0.21,0.23,0.43,0.19,0.42
282,Hwang In-beom\Hwang-In-beom,kr KOR,MF,Vancouver,22,1996,34,31,2806,3,3,1,1,6,0,0.1,0.1,0.19,0.06,0.16,3.1,2.3,3.5,0.1,0.11,0.21,0.07,0.19
283,Clint Irwin\Clint-Irwin,us USA,GK,Colorado,29,1989,11,9,901,0,0,0,0,0,0,0,0,0,0,0,0,0,0,0,0,0,0,0
284,Andreas Ivan\Andreas-Ivan,ro ROU,FWMF,NY Red Bulls,24,1995,12,5,490,1,2,0,0,0,0,0.18,0.37,0.55,0.18,0.55,1.2,1.2,0.5,0.23,0.09,0.31,0.23,0.31
285,Niki Jackson\Niki-Jackson,us USA,FWMF,Colorado,23,1995,4,0,39,0,0,0,0,0,0,0,0,0,0,0,0.1,0.1,0,0.2,0,0.2,0.2,0.2
286,Anthony Jackson-Hamel\Anthony-Jackson-Hamel,ca CAN,FW,Montreal,25,1993,16,6,623,3,0,0,0,0,0,0.43,0,0.43,0.43,0.43,1.8,1.8,0.6,0.27,0.09,0.36,0.27,0.36
287,Modou Jadama\Modou-Jadama,us USA,DF,Portland,24,1994,1,1,90,0,0,0,0,0,0,0,0,0,0,0,0,0,0,0,0,0,0,0
288,Dejan Jakovic\Dejan-Jakovic,ca CAN,DF,Los Angeles FC,33,1985,3,2,181,0,0,0,0,1,0,0,0,0,0,0,0,0,0,0,0.01,0.01,0,0.01
289,Robin Jansson\Robin-Jansson,se SWE,DF,Orlando City,27,1991,28,28,2420,0,0,0,0,6,1,0,0,0,0,0,0.8,0.8,0,0.03,0,0.03,0.03,0.03
290,Leonardo Jara\Leonardo-Jara,ar ARG,DF,D.C. United,27,1991,30,25,2290,1,5,0,0,5,0,0.04,0.2,0.24,0.04,0.24,1.5,1.5,2.4,0.06,0.09,0.15,0.06,0.15
291,Hector Jiménez\Hector-Jimenez,us USA,DF,Columbus,30,1988,23,19,1619,1,2,0,0,1,0,0.06,0.11,0.17,0.06,0.17,0.6,0.6,1.6,0.03,0.09,0.12,0.03,0.12
292,Sam Johnson\Sam-Johnson,lr LBR,FW,Real Salt Lake,25,1993,24,15,1299,9,0,0,0,1,0,0.62,0,0.62,0.62,0.62,4.6,4.6,0.3,0.32,0.02,0.34,0.32,0.34
293,Sean Johnson\Sean-Johnson,us USA,GK,NYCFC,29,1989,29,29,2610,0,0,0,0,5,0,0,0,0,0,0,0,0,0,0,0,0,0,0
294,Will Johnson\Will-Johnson,ca CAN,MF,Orlando City,32,1987,21,20,1692,1,1,0,0,2,0,0.05,0.05,0.11,0.05,0.11,1.9,1.8,0.4,0.1,0.02,0.12,0.09,0.12
295,DeJuan Jones\DeJuan-Jones,us USA,DFMF,New England,21,1997,20,14,1297,1,0,0,0,0,0,0.07,0,0.07,0.07,0.07,1.5,0.8,0.8,0.1,0.05,0.15,0.05,0.1
296,Derrick Jones\Derrick-Jones,us USA,MF,Philadelphia,21,1997,2,0,58,0,0,0,0,0,0,0,0,0,0,0,0,0,0,0,0,0,0,0
297,Joevin Jones\Joevin-Jones,tt TRI,FWDF,Seattle,27,1991,17,9,923,0,2,0,0,2,0,0,0.2,0.2,0,0.2,0.4,0.4,1.7,0.04,0.16,0.2,0.04,0.2
298,Judson\Judson,br BRA,MF,San Jose,25,1993,27,23,1909,1,0,0,0,10,0,0.05,0,0.05,0.05,0.05,0.8,0.8,0.5,0.04,0.02,0.06,0.04,0.06
299,Florian Jungwirth\Florian-Jungwirth,de GER,DF,San Jose,30,1989,30,30,2670,0,1,0,0,4,0,0,0.03,0.03,0,0.03,1.1,1.1,0.1,0.04,0,0.04,0.04,0.04
300,Vitor Junior\Vitor-Junior,br BRA,DF,LA Galaxy,30,1989,2,0,9,0,0,0,0,0,0,0,0,0,0,0,0,0,0,0,0,0,0,0
301,Mathias Jørgensen\Mathias-Jorgensen,dk DEN,FWMF,NY Red Bulls,18,2000,5,1,120,0,0,0,0,1,0,0,0,0,0,0,0.2,0.2,0,0.14,0,0.14,0.14,0.14
302,Kaku\Kaku,py PAR,MF,NY Red Bulls,24,1995,26,21,1924,5,4,0,0,0,2,0.23,0.19,0.42,0.23,0.42,3.7,3.7,6.6,0.18,0.31,0.48,0.18,0.48
303,Brent Kallman\Brent-Kallman,us USA,DF,Minnesota,28,1990,16,14,1283,0,1,0,0,2,0,0,0.07,0.07,0,0.07,0.1,0.1,0.4,0.01,0.03,0.04,0.01,0.04
304,Kei Kamara\Kei-Kamara,sl SLE,FW,Colorado,34,1984,29,29,2539,14,1,4,7,5,1,0.5,0.04,0.53,0.35,0.39,16.5,11.2,2.3,0.59,0.08,0.67,0.4,0.48
305,Ola Kamara\Ola-Kamara,no NOR,FW,D.C. United,29,1989,5,3,256,3,0,0,0,0,0,1.05,0,1.05,1.05,1.05,1.3,1.3,0.2,0.47,0.08,0.56,0.47,0.56
306,Johan Kappelhof\Johan-Kappelhof,nl NED,DF,Chicago,28,1990,29,29,2560,0,1,0,0,5,0,0,0.04,0.04,0,0.04,0.5,0.5,0.5,0.02,0.02,0.04,0.02,0.04
307,Guram Kashia\Guram-Kashia,ge GEO,DF,San Jose,31,1987,23,21,1907,0,0,0,0,2,0,0,0,0,0,0,1.4,1.4,0.2,0.06,0.01,0.07,0.06,0.07
308,Aleksandar Katai\Aleksandar-Katai,rs SRB,FWMF,Chicago,27,1991,29,24,2100,6,6,0,0,3,1,0.26,0.26,0.51,0.26,0.51,5.4,5.4,8.5,0.23,0.36,0.6,0.23,0.6
309,Mark-Anthony Kaye\Mark-Anthony-Kaye,ca CAN,MF,Los Angeles FC,24,1994,31,27,2499,4,8,0,0,7,0,0.14,0.29,0.43,0.14,0.43,2.8,2.8,6.1,0.1,0.22,0.32,0.1,0.32
310,Kim Kee-hee\Kim-Kee-hee,kr KOR,DF,Seattle,29,1989,30,30,2603,0,1,0,0,6,0,0,0.03,0.03,0,0.03,1.8,1.8,0.5,0.06,0.02,0.08,0.06,0.08
311,Aboubacar Keita\Aboubacar-Keita,us USA,DF,Columbus,18,2000,10,8,802,0,0,0,0,0,0,0,0,0,0,0,0.1,0.1,0,0.02,0,0.02,0.02,0.02
312,Jon Kempin\Jon-Kempin,us USA,GK,Columbus,25,1993,3,3,270,0,0,0,0,0,0,0,0,0,0,0,0,0,0,0,0,0,0,0
313,Jasser Khemiri\Jasser-Khemiri,tn TUN,DF,Vancouver,21,1997,1,1,90,0,0,0,0,0,0,0,0,0,0,0,0,0,0,0.01,0,0.01,0.01,0.01
314,Daniel Kinumbe\Daniel-Kinumbe,ca CAN,DF,Montreal,19,1999,1,1,66,0,0,0,0,0,0,0,0,0,0,0,0,0,0,0,0,0,0,0
315,Perry Kitchen\Perry-Kitchen,us USA,MF,LA Galaxy,26,1992,8,6,573,0,0,0,0,0,0,0,0,0,0,0,0,0,0.4,0,0.06,0.06,0,0.06
316,Sacha Kljestan\Sacha-Kljestan,us USA,MFFW,Orlando City,33,1985,23,13,1359,1,3,0,0,3,1,0.07,0.2,0.26,0.07,0.26,2.1,2.1,2,0.14,0.13,0.27,0.14,0.27
317,Brad Knighton\Brad-Knighton,us USA,GK,New England,33,1985,8,7,663,0,0,0,0,0,0,0,0,0,0,0,0,0,0,0,0,0,0,0
318,Kevin Kratz\Kevin-Kratz,de GER,MF,Atlanta,32,1987,1,0,1,0,0,0,0,0,0,0,0,0,0,0,0,0,0,0,0,0,0,0
319,Damir Kreilach\Damir-Kreilach,hr CRO,MFFW,Real Salt Lake,29,1989,32,32,2656,6,4,1,1,6,1,0.2,0.14,0.34,0.17,0.3,5.2,4.4,3.8,0.18,0.13,0.3,0.15,0.28
320,Bojan Krkić\Bojan-Krkic,es ESP,MFFW,Montreal,28,1990,8,7,606,3,0,0,0,0,0,0.45,0,0.45,0.45,0.45,2.1,2.1,0.6,0.31,0.09,0.4,0.31,0.4
321,Ken Krolicki\Ken-Krolicki,us USA,MF,Montreal,22,1996,10,5,528,0,0,0,0,2,0,0,0,0,0,0,0.1,0.1,0.2,0.02,0.04,0.06,0.02,0.06
322,Kenneth Kronholm\Kenneth-Kronholm,de GER,GK,Chicago,33,1985,20,20,1800,0,0,0,0,1,0,0,0,0,0,0,0,0,0,0,0,0,0,0
323,Connor Lade\Connor-Lade,us USA,DF,NY Red Bulls,29,1989,11,10,845,1,1,0,0,0,0,0.11,0.11,0.21,0.11,0.21,0.2,0.2,0.4,0.02,0.04,0.07,0.02,0.07
324,Roland Lamah\Roland-Lamah,be BEL,MFFW,FC Cincinnati,31,1987,28,22,1778,1,3,0,0,0,1,0.05,0.15,0.2,0.05,0.2,2.3,2.3,2.2,0.12,0.11,0.23,0.12,0.23
325,Matt Lampson\Matt-Lampson,us USA,GK,LA Galaxy,29,1989,1,1,90,0,0,0,0,0,0,0,0,0,0,0,0,0,0,0,0,0,0,0
326,Foster Langsdorf\Foster-Langsdorf,us USA,FW,Portland,23,1995,2,0,26,0,0,0,0,0,0,0,0,0,0,0,0,0,0,0,0,0,0,0
327,Lassi Lappalainen\Lassi-Lappalainen,fi FIN,MFFW,Montreal,20,1998,11,8,682,5,0,0,0,0,0,0.66,0,0.66,0.66,0.66,3,3,0.1,0.39,0.02,0.41,0.39,0.41
328,Jeff Larentowicz\Jeff-Larentowicz,us USA,MF,Atlanta,35,1983,27,15,1473,0,0,0,0,4,0,0,0,0,0,0,0.4,0.4,0.2,0.02,0.01,0.03,0.02,0.03
329,Richie Laryea\Richie-Laryea,ca CAN,DF,Toronto FC,24,1995,20,16,1466,1,2,0,0,6,0,0.06,0.12,0.18,0.06,0.18,1.3,1.3,1.7,0.08,0.11,0.19,0.08,0.19
330,Forrest Lasso\Forrest-Lasso,us USA,DF,FC Cincinnati,25,1993,5,4,394,0,0,0,0,2,0,0,0,0,0,0,0,0,0,0.01,0,0.01,0.01,0.01
331,Kemar Lawrence\Kemar-Lawrence,jm JAM,DF,NY Red Bulls,26,1992,22,19,1729,1,0,0,0,5,0,0.05,0,0.05,0.05,0.05,0.8,0.8,0.7,0.04,0.04,0.08,0.04,0.08
332,Emmanuel Ledesma\Emmanuel-Ledesma,ar ARG,FWMF,FC Cincinnati,30,1988,26,20,1764,6,4,3,4,4,0,0.31,0.2,0.51,0.15,0.36,5.2,2.2,3.1,0.27,0.16,0.43,0.11,0.27
333,Kelvin Leerdam\Kelvin-Leerdam,nl NED,DF,Seattle,28,1990,29,27,2407,5,2,0,0,7,1,0.19,0.07,0.26,0.19,0.26,2.3,2.3,2.2,0.09,0.08,0.17,0.09,0.17
334,Brooks Lennon\Brooks-Lennon,us USA,DFFW,Real Salt Lake,21,1997,28,16,1547,0,1,0,0,3,0,0,0.06,0.06,0,0.06,1,1,1.5,0.06,0.08,0.14,0.06,0.14
335,Brett Levis\Brett-Levis,ca CAN,DFFW,Vancouver,25,1993,9,3,334,0,0,0,0,1,0,0,0,0,0,0,0.1,0.1,0.6,0.02,0.16,0.17,0.02,0.17
336,Jonathan Lewis\Jonathan-Lewis,us USA,MFFW,NYCFC,21,1997,6,2,216,0,1,0,0,1,0,0,0.42,0.42,0,0.42,0,0,0.1,0.02,0.03,0.05,0.02,0.05
337,Jonathan Lewis\Jonathan-Lewis,us USA,FWMF,Colorado,21,1997,16,10,898,5,3,0,0,2,0,0.5,0.3,0.8,0.5,0.8,2,2,1.9,0.2,0.19,0.39,0.2,0.39
338,Danny Leyva\Danny-Leyva,us USA,MF,Seattle,15,2003,6,4,414,0,0,0,0,1,0,0,0,0,0,0,0.1,0.1,0,0.02,0.01,0.03,0.02,0.03
339,Grant Lillard\Grant-Lillard,us USA,DF,Chicago,23,1995,4,2,206,0,0,0,0,0,0,0,0,0,0,0,0.1,0.1,0,0.04,0,0.04,0.04,0.04
340,Nick Lima\Nick-Lima,us USA,DF,San Jose,24,1994,24,21,1808,1,2,0,0,4,0,0.05,0.1,0.15,0.05,0.15,0.5,0.5,1.4,0.03,0.07,0.1,0.03,0.1
341,Jaylin Lindsey\Jaylin-Lindsey,us USA,DF,Sporting KC,18,2000,1,1,90,0,0,0,0,0,0,0,0,0,0,0,0,0,0,0,0,0,0,0
342,Sebastian Lletget\Sebastian-Lletget,us USA,MFFW,LA Galaxy,26,1992,29,27,2314,3,5,0,0,4,0,0.12,0.19,0.31,0.12,0.31,2.4,2.4,3.3,0.09,0.13,0.22,0.09,0.22
343,Robin Lod\Robin-Lod,fi FIN,FWMF,Minnesota,25,1993,10,6,582,0,0,0,0,0,0,0,0,0,0,0,1.3,1.3,0.3,0.21,0.04,0.25,0.21,0.25
344,Nicolás Lodeiro\Nicolas-Lodeiro,uy URU,MF,Seattle,29,1989,28,28,2498,7,7,2,2,7,0,0.25,0.25,0.5,0.18,0.43,6.2,4.7,9.8,0.22,0.35,0.58,0.17,0.52
345,Aaron Long\Aaron-Long,us USA,DF,NY Red Bulls,26,1992,24,24,2115,2,0,0,0,3,0,0.09,0,0.09,0.09,0.09,1.5,1.5,0.5,0.06,0.02,0.08,0.06,0.08
346,Marcos López\Marcos-Lopez,pe PER,DF,San Jose,19,1999,18,15,1162,0,0,0,0,7,1,0,0,0,0,0,0.7,0.7,1.5,0.05,0.11,0.17,0.05,0.17
347,Marvin Loría\Marvin-Loria,cr CRC,FW,Portland,21,1997,19,8,705,2,0,0,0,3,0,0.26,0,0.26,0.26,0.26,1.1,1.1,0.9,0.15,0.12,0.26,0.15,0.26
348,Daniel Lovitz\Daniel-Lovitz,us USA,DF,Montreal,27,1991,28,28,2520,0,1,0,0,5,0,0,0.04,0.04,0,0.04,0.5,0.5,2,0.02,0.07,0.09,0.02,0.09
349,Jorge Luis Corrales\Jorge-Luis-Corrales,cu CUB,DF,Montreal,27,1991,4,1,101,0,1,0,0,0,0,0,0.89,0.89,0,0.89,0,0,0.1,0,0.1,0.1,0,0.1
350,Jorge Luis Corrales\Jorge-Luis-Corrales,cu CUB,DF,Chicago,27,1991,15,13,1034,0,0,0,0,4,1,0,0,0,0,0,0,0,0.5,0,0.04,0.04,0,0.04
351,Everton Luiz\Everton-Luiz,br BRA,MF,Real Salt Lake,30,1988,27,24,2107,0,2,0,0,8,0,0,0.09,0.09,0,0.09,0.7,0.7,1,0.03,0.04,0.07,0.03,0.07
352,Adam Lundqvist\Adam-Lundqvist,se SWE,DF,Houston,24,1994,28,26,2388,0,3,0,0,4,0,0,0.11,0.11,0,0.11,0.2,0.2,4.4,0.01,0.17,0.17,0.01,0.17
353,Larrys Mabiala\Larrys-Mabiala,cd COD,DF,Portland,31,1987,22,22,1901,2,0,0,0,7,1,0.09,0,0.09,0.09,0.09,1.6,1.6,0.1,0.07,0,0.08,0.07,0.08
354,Gary Mackay-Steven\Gary-Mackay-Steven,sco SCO,FWMF,NYCFC,28,1990,12,5,527,1,1,0,0,0,0,0.17,0.17,0.34,0.17,0.34,1.7,1.7,1,0.3,0.18,0.47,0.3,0.47
355,Zac MacMath\Zac-MacMath,us USA,GK,Vancouver,27,1991,8,8,720,0,0,0,0,3,0,0,0,0,0,0,0,0,0,0,0,0,0,0
356,Connor Maloney\Connor-Maloney,us USA,DF,Columbus,23,1995,10,9,795,0,0,0,0,1,0,0,0,0,0,0,0.1,0.1,0.1,0.01,0.01,0.03,0.01,0.03
357,Michael Mancienne\Michael-Mancienne,eng ENG,DF,New England,31,1988,16,13,1191,1,0,0,0,5,1,0.08,0,0.08,0.08,0.08,0.3,0.3,0,0.02,0,0.02,0.02,0.02
358,Carter Manley\Carter-Manley,us USA,DF,Minnesota,22,1996,1,1,90,0,0,0,0,0,0,0,0,0,0,0,0,0,0,0,0,0,0,0
359,Kekuta Manneh\Kekuta-Manneh,us USA,FWMF,FC Cincinnati,24,1994,27,15,1499,4,3,0,0,0,1,0.24,0.18,0.42,0.24,0.42,2.8,2.8,2.2,0.17,0.13,0.3,0.17,0.3
360,Vito Mannone\Vito-Mannone,it ITA,GK,Minnesota,30,1988,34,34,3060,0,0,0,0,0,0,0,0,0,0,0,0,0,0.2,0,0.01,0.01,0,0.01
361,Mauro Manotas\Mauro-Manotas,co COL,FW,Houston,23,1995,32,28,2530,13,7,1,2,1,0,0.46,0.25,0.71,0.43,0.68,14.5,13,5.6,0.52,0.2,0.72,0.46,0.66
362,Paul Marie\Paul-Marie,fr FRA,DF,San Jose,23,1995,9,3,349,0,1,0,0,1,0,0,0.26,0.26,0,0.26,0.4,0.4,0.4,0.12,0.1,0.22,0.12,0.22
363,Chad Marshall\Chad-Marshall,us USA,DF,Seattle,34,1984,8,8,720,0,0,0,0,0,0,0,0,0,0,0,0.3,0.3,0.6,0.04,0.07,0.11,0.04,0.11
364,Collin Martin\Collin-Martin,us USA,MF,Minnesota,24,1994,3,2,184,0,1,0,0,0,0,0,0.49,0.49,0,0.49,0,0,0.4,0.01,0.2,0.21,0.01,0.21
365,Cristian Martínez\Cristian-Martinez,pa PAN,MFFW,Chicago,21,1997,5,0,55,0,0,0,0,0,0,0,0,0,0,0,0.1,0.1,0,0.16,0.06,0.22,0.16,0.22
366,Douglas Martinez\Douglas-Martinez,hn HON,FW,Real Salt Lake,21,1997,1,1,63,0,0,0,0,0,0,0,0,0,0,0,0,0,0,0.07,0,0.07,0.07,0.07
367,Josef Martínez\Josef-Martinez,ve VEN,FW,Atlanta,25,1993,29,29,2578,27,3,5,6,1,0,0.94,0.1,1.05,0.77,0.87,23.3,18.9,3,0.81,0.11,0.92,0.66,0.76
368,Tomás Martínez\Tomas-Martinez,ar ARG,MFFW,Houston,23,1995,33,30,2313,5,2,0,0,2,0,0.19,0.08,0.27,0.19,0.27,3.4,3.4,2.6,0.13,0.1,0.23,0.13,0.23
369,Luís Martins\Luis-Martins,pt POR,DF,Sporting KC,26,1992,10,9,830,0,0,0,0,2,0,0,0,0,0,0,0.2,0.2,0.6,0.02,0.06,0.08,0.02,0.08
370,Rónald Matarrita\Ronald-Matarrita,cr CRC,DF,NYCFC,24,1994,24,24,1973,1,1,0,0,7,1,0.05,0.05,0.09,0.05,0.09,1.5,1.5,2.5,0.07,0.12,0.19,0.07,0.19
371,Darren Mattocks\Darren-Mattocks,jm JAM,FW,FC Cincinnati,28,1990,21,13,1273,3,3,1,1,0,0,0.21,0.21,0.42,0.14,0.35,3.6,2.8,2.5,0.25,0.18,0.43,0.2,0.38
372,Jimmy Maurer\Jimmy-Maurer,us USA,GK,FC Dallas,30,1988,2,2,180,0,0,0,0,0,0,0,0,0,0,0,0,0,0,0,0,0,0,0
373,Chris Mavinga\Chris-Mavinga,cd COD,DF,Toronto FC,27,1991,26,24,2112,0,1,0,0,5,0,0,0.04,0.04,0,0.04,0.1,0.1,0.2,0,0.01,0.01,0,0.01
374,Olivier Mbaizo\Olivier-Mbaizo,cm CMR,DF,Philadelphia,21,1997,3,2,196,0,1,0,0,0,0,0,0.46,0.46,0,0.46,0.1,0.1,0.4,0.05,0.16,0.21,0.05,0.21
375,Thomas McCabe\Thomas-McCabe,us USA,MF,FC Cincinnati,20,1998,6,2,247,0,0,0,0,0,0,0,0,0,0,0,0.1,0.1,0,0.03,0,0.03,0.03,0.03
376,Chris McCann\Chris-McCann,ie IRL,DFMF,D.C. United,31,1987,6,4,318,0,0,0,0,0,0,0,0,0,0,0,0,0,0,0,0,0,0,0
377,Dax McCarty\Dax-McCarty,us USA,MF,Chicago,31,1987,32,32,2846,1,2,0,0,4,0,0.03,0.06,0.09,0.03,0.09,2.2,2.2,1.7,0.07,0.05,0.12,0.07,0.12
378,Brendan McDonough\Brendan-McDonough,us USA,DF,Vancouver,22,1996,1,1,65,0,0,0,0,0,0,0,0,0,0,0,0,0,0,0,0,0,0,0
379,Mark McKenzie\Mark-McKenzie,us USA,DF,Philadelphia,19,1999,7,6,537,0,0,0,0,0,0,0,0,0,0,0,0.1,0.1,0,0.01,0,0.01,0.01,0.01
380,Thomas McNamara\Thomas-McNamara,us USA,MFFW,Houston,27,1991,33,15,1540,2,3,0,0,3,0,0.12,0.18,0.29,0.12,0.29,2.2,2.2,1.6,0.13,0.1,0.23,0.13,0.23
381,Ryan Meara\Ryan-Meara,us USA,GK,NY Red Bulls,28,1990,1,1,90,0,0,0,0,0,0,0,0,0,0,0,0,0,0,0,0,0,0,0
382,Jesús Medina\Jesus-Medina,py PAR,MFFW,NYCFC,21,1997,18,6,734,3,1,1,1,1,0,0.37,0.12,0.49,0.25,0.37,3.6,2.9,1,0.45,0.12,0.57,0.35,0.47
383,Jimmy Medranda\Jimmy-Medranda,co COL,FWMF,Sporting KC,24,1994,10,2,183,0,1,0,0,1,0,0,0.49,0.49,0,0.49,0.3,0.3,0.2,0.15,0.1,0.24,0.15,0.24
384,Haris Medunjanin\Haris-Medunjanin,ba BIH,MF,Philadelphia,33,1985,34,34,3060,1,4,0,0,6,0,0.03,0.12,0.15,0.03,0.15,1.2,1.2,5.7,0.03,0.17,0.2,0.03,0.2
385,Lucas Melano\Lucas-Melano,ar ARG,FW,Portland,25,1993,8,1,127,0,0,0,0,1,0,0,0,0,0,0,0.3,0.3,0.1,0.23,0.07,0.3,0.23,0.3
386,Tim Melia\Tim-Melia,us USA,GK,Sporting KC,32,1986,32,32,2880,0,0,0,0,3,0,0,0,0,0,0,0,0,0,0,0,0,0,0
387,Jhegson Méndez\Jhegson-Mendez,ec ECU,MF,Orlando City,21,1997,22,20,1787,0,0,0,0,7,0,0,0,0,0,0,0.6,0.6,0.2,0.03,0.01,0.04,0.03,0.04
388,Jonathan Mensah\Jonathan-Mensah,gh GHA,DF,Columbus,28,1990,24,23,2152,0,0,0,0,7,0,0,0,0,0,0,0.6,0.6,0,0.02,0,0.03,0.02,0.03
389,Justin Meram\Justin-Meram,iq IRQ,FW,Columbus,30,1988,9,4,380,0,0,0,0,0,0,0,0,0,0,0,0.5,0.5,0.1,0.12,0.02,0.14,0.12,0.14
390,Justin Meram\Justin-Meram,iq IRQ,DFFW,Atlanta,30,1988,20,14,1265,4,0,0,0,3,0,0.28,0,0.28,0.28,0.28,2.1,2.1,2.5,0.15,0.18,0.33,0.15,0.33
391,Romain Métanire\Romain-Metanire,mg MAD,DF,Minnesota,28,1990,27,27,2430,1,4,0,0,5,0,0.04,0.15,0.19,0.04,0.19,0.3,0.3,3.5,0.01,0.13,0.14,0.01,0.14
392,Nicolás Mezquida\Nicolas-Mezquida,uy URU,MFFW,Colorado,27,1992,32,11,1418,4,3,1,1,4,0,0.25,0.19,0.44,0.19,0.38,4.3,3.5,3.4,0.27,0.22,0.49,0.22,0.44
393,Benji Michel\Benji-Michel,ht HAI,FWMF,Orlando City,21,1997,17,9,947,5,1,0,0,0,0,0.48,0.1,0.57,0.48,0.57,2.9,2.9,0.4,0.27,0.04,0.31,0.27,0.31
394,Djordje Mihailovic\Djordje-Mihailovic,us USA,MF,Chicago,20,1998,27,16,1450,3,1,0,0,4,0,0.19,0.06,0.25,0.19,0.25,1.9,1.9,2.4,0.13,0.16,0.28,0.13,0.28
395,Eric Miller\Eric-Miller,us USA,DF,Minnesota,26,1993,6,5,435,0,0,0,0,0,0,0,0,0,0,0,0.3,0.3,0.1,0.05,0.01,0.06,0.05,0.06
396,Eric Miller\Eric-Miller,us USA,DF,NYCFC,26,1993,5,4,328,0,0,0,0,2,0,0,0,0,0,0,0.2,0.2,0,0.06,0,0.06,0.06,0.06
397,Kamal Miller\Kamal-Miller,ca CAN,DF,Orlando City,21,1997,16,14,1350,0,0,0,0,1,0,0,0,0,0,0,0,0,0.2,0,0.01,0.01,0,0.01
398,Tyler Miller\Tyler-Miller,us USA,GK,Los Angeles FC,25,1993,28,28,2520,0,0,0,0,1,0,0,0,0,0,0,0,0,0,0,0,0,0,0
399,Alexandru Mitriță\Alexandru-Mitrita,ro ROU,FWMF,NYCFC,23,1995,29,24,2127,12,2,0,0,2,0,0.51,0.08,0.59,0.51,0.59,7.7,7.7,3.5,0.33,0.15,0.47,0.33,0.47
400,Wilfried Moimbé\Wilfried-Moimbe,fr FRA,DFFW,Minnesota,30,1988,4,4,335,0,0,0,0,0,0,0,0,0,0,0,0,0,0.1,0.01,0.02,0.02,0.01,0.02
401,Youness Mokhtar\Youness-Mokhtar,ma MAR,FW,Columbus,27,1991,8,5,440,1,0,0,0,1,0,0.2,0,0.2,0.2,0.2,1,1,1.5,0.21,0.3,0.51,0.21,0.51
402,Kevin Molino\Kevin-Molino,tt TRI,FWMF,Minnesota,28,1990,17,11,907,3,4,0,0,1,0,0.3,0.4,0.69,0.3,0.69,4,4,3,0.4,0.3,0.7,0.4,0.7
403,Mohamed El Monir\Mohamed-El-Monir,ly LBY,DF,Los Angeles FC,26,1992,15,4,590,1,0,0,0,2,0,0.15,0,0.15,0.15,0.15,0.6,0.6,1.4,0.09,0.21,0.3,0.09,0.3
404,Jamiro Monteiro\Jamiro-Monteiro,cv CPV,MF,Philadelphia,25,1993,26,22,2049,4,7,2,3,3,0,0.18,0.31,0.48,0.09,0.4,5.6,3.3,4.7,0.24,0.2,0.45,0.14,0.35
405,Fredy Montero\Fredy-Montero,co COL,FWMF,Vancouver,31,1987,32,22,2096,8,2,4,4,1,1,0.34,0.09,0.43,0.17,0.26,7.5,4.5,2.3,0.32,0.1,0.42,0.19,0.29
406,Drew Moor\Drew-Moor,us USA,DF,Toronto FC,35,1984,13,11,1024,0,0,0,0,2,0,0,0,0,0,0,0.1,0.1,0,0.01,0,0.01,0.01,0.01
407,Joseph Mora\Joseph-Mora,cr CRC,DF,D.C. United,26,1993,20,18,1594,0,1,0,0,3,0,0,0.06,0.06,0,0.06,0.1,0.1,1.4,0.01,0.08,0.09,0.01,0.09
408,Maximiliano Moralez\Maximiliano-Moralez,ar ARG,MFFW,NYCFC,31,1987,29,28,2431,7,12,4,8,7,0,0.26,0.44,0.7,0.11,0.56,9.2,3.9,8.9,0.35,0.34,0.7,0.15,0.49
409,Jorge Moreira\Jorge-Moreira,py PAR,DF,Portland,28,1990,26,25,2231,2,2,0,0,7,0,0.08,0.08,0.16,0.08,0.16,1.3,1.3,2.4,0.05,0.1,0.15,0.05,0.15
410,Amando Moreno\Amando-Moreno,us USA,FWMF,Chicago,23,1995,7,0,82,0,0,0,0,0,0,0,0,0,0,0,0.9,0.9,0.5,1.61,0.9,2.51,1.61,2.51
411,Junior Moreno\Junior-Moreno,ve VEN,MF,D.C. United,25,1993,29,29,2549,0,2,0,0,3,1,0,0.07,0.07,0,0.07,0.6,0.6,2.1,0.02,0.07,0.1,0.02,0.1
412,Ashtone Morgan\Ashtone-Morgan,ca CAN,DFMF,Toronto FC,27,1991,9,3,313,1,0,0,0,1,0,0.29,0,0.29,0.29,0.29,0.4,0.4,0,0.12,0,0.12,0.12,0.12
413,Jordan Morris\Jordan-Morris,us USA,FW,Seattle,24,1994,26,24,2036,10,6,0,0,2,0,0.44,0.27,0.71,0.44,0.71,8.4,8.4,4.1,0.37,0.18,0.55,0.37,0.55
414,Justin Morrow\Justin-Morrow,us USA,DF,Toronto FC,31,1987,28,26,2348,1,3,0,0,2,1,0.04,0.11,0.15,0.04,0.15,1.2,1.2,2.5,0.05,0.09,0.14,0.05,0.14
415,João Moutinho\Joao-Moutinho,pt POR,DF,Orlando City,21,1998,16,15,1220,0,2,0,0,1,0,0,0.15,0.15,0,0.15,0.7,0.7,1.4,0.05,0.1,0.15,0.05,0.15
416,Chris Mueller\Chris-Mueller,us USA,FWMF,Orlando City,22,1996,29,16,1370,5,3,0,0,1,0,0.33,0.2,0.53,0.33,0.53,2.1,2.1,3.6,0.14,0.23,0.37,0.14,0.37
417,Georges Mukumbilwa\Georges-Mukumbilwa,ca CAN,MF,Vancouver,19,1999,1,0,10,0,0,0,0,0,0,0,0,0,0,0,0,0,0,0,0,0,0,0
418,Luke Mulholland\Luke-Mulholland,eng ENG,MF,Real Salt Lake,30,1988,1,0,20,0,0,0,0,0,0,0,0,0,0,0,0,0,0,0,0,0,0,0
419,Patrick Mullins\Patrick-Mullins,us USA,FW,Toronto FC,26,1992,8,4,348,2,0,0,0,0,0,0.52,0,0.52,0.52,0.52,1.1,1.1,0.3,0.28,0.07,0.34,0.28,0.34
420,Patrick Mullins\Patrick-Mullins,us USA,FWMF,Columbus,26,1992,9,2,202,0,0,0,0,0,0,0,0,0,0,0,0.3,0.3,0.1,0.14,0.05,0.18,0.14,0.18
421,Alex Muyl\Alex-Muyl,us USA,FWDF,NY Red Bulls,23,1995,24,17,1398,3,2,0,0,4,0,0.19,0.13,0.32,0.19,0.32,2.8,2.8,2.5,0.18,0.16,0.34,0.18,0.34
422,Darlington Nagbe\Darlington-Nagbe,us USA,MF,Atlanta,28,1990,33,32,2822,2,4,0,0,2,0,0.06,0.13,0.19,0.06,0.19,1.1,1.1,3.6,0.04,0.12,0.15,0.04,0.15
423,Nani\Nani,pt POR,FWMF,Orlando City,32,1986,30,26,2273,12,5,3,5,4,0,0.48,0.2,0.67,0.36,0.55,7.9,4,6.7,0.31,0.27,0.58,0.16,0.42
424,Sean Nealis\Sean-Nealis,us USA,DF,NY Red Bulls,22,1997,9,3,457,1,0,0,0,1,0,0.2,0,0.2,0.2,0.2,0.2,0.2,0,0.04,0,0.04,0.04,0.04
425,John Nelson\John-Nelson,us USA,DF,FC Dallas,20,1998,9,4,455,0,0,0,0,0,0,0,0,0,0,0,0.1,0.1,0.3,0.02,0.07,0.09,0.02,0.09
426,Krisztián Németh\Krisztian-Nemeth,hu HUN,FW,Sporting KC,30,1989,24,18,1559,8,2,0,1,5,1,0.46,0.12,0.58,0.46,0.58,10.1,9.4,2.1,0.58,0.12,0.71,0.54,0.66
427,Jake Nerwinski\Jake-Nerwinski,us USA,DF,Vancouver,24,1994,26,24,2021,1,0,0,0,1,0,0.04,0,0.04,0.04,0.04,0.3,0.3,0.5,0.01,0.02,0.03,0.01,0.03
428,Michee Ngalina\Michee-Ngalina,cd COD,FWMF,Philadelphia,18,2000,1,0,10,0,0,0,0,0,0,0,0,0,0,0,0,0,0,0,0,0,0,0
429,Lee Nguyen\Lee-Nguyen,us USA,MF,Los Angeles FC,32,1986,23,11,1178,0,4,0,0,3,0,0,0.31,0.31,0,0.31,1.1,1.1,3.2,0.08,0.24,0.32,0.08,0.32
430,Sam Nicholson\Sam-Nicholson,sco SCO,FWMF,Colorado,24,1995,27,19,1770,2,3,0,0,2,0,0.1,0.15,0.25,0.1,0.25,3.8,3.8,2.6,0.19,0.13,0.33,0.19,0.33
431,Gonzalo Nicolás Martínez\Gonzalo-Nicolas-Martinez,ar ARG,FWMF,Atlanta,25,1993,32,26,2140,5,7,2,3,2,0,0.21,0.29,0.5,0.13,0.42,7.9,5.6,6.1,0.33,0.26,0.59,0.24,0.49
432,Nemanja Nikolić\Nemanja-Nikolic,hu HUN,FW,Chicago,31,1987,31,25,1991,12,0,2,2,3,0,0.54,0,0.54,0.45,0.45,12.5,11,2.4,0.59,0.11,0.7,0.52,0.63
433,Harry Novillo\Harry-Novillo,fr FRA,FW,Montreal,26,1992,11,5,441,1,2,0,0,1,0,0.2,0.41,0.61,0.2,0.61,0.4,0.4,0.6,0.09,0.12,0.2,0.09,0.2
434,Shane O'Neill\Shane-ONeill,us USA,DF,Orlando City,25,1993,11,8,839,0,0,0,0,2,0,0,0,0,0,0,0.1,0.1,0.5,0.01,0.06,0.07,0.01,0.07
435,Alfonso Ocampo-Chavez\Alfonso-Ocampo-Chavez,us USA,FW,Seattle,16,2002,3,1,82,0,0,0,0,0,0,0,0,0,0,0,0.1,0.1,0.1,0.1,0.11,0.21,0.1,0.21
436,Chris Odoi-Atsem\Chris-Odoi-Atsem,us USA,DF,D.C. United,23,1995,3,1,135,0,0,0,0,0,0,0,0,0,0,0,0,0,0,0,0,0,0,0
437,Ebenezer Ofori\Ebenezer-Ofori,gh GHA,MF,NYCFC,23,1995,20,14,1261,2,0,0,0,2,0,0.14,0,0.14,0.14,0.14,0.4,0.4,0.3,0.03,0.03,0.06,0.03,0.06
438,Orji Okwonkwo\Orji-Okwonkwo,ng NGA,FWMF,Montreal,21,1998,28,24,1769,8,2,0,0,4,0,0.41,0.1,0.51,0.41,0.51,6,6,2.2,0.3,0.11,0.42,0.3,0.42
439,Lawrence Olum\Lawrence-Olum,ke KEN,MF,Minnesota,34,1984,10,5,547,0,1,0,0,0,0,0,0.16,0.16,0,0.16,0.5,0.5,0.1,0.08,0.01,0.09,0.08,0.09
440,Zdeněk Ondrášek\Zdenek-Ondrasek,cz CZE,FW,FC Dallas,30,1988,18,8,751,7,2,0,0,2,0,0.84,0.24,1.08,0.84,1.08,4.5,4.5,1.2,0.54,0.14,0.69,0.54,0.69
441,Nedum Onuoha\Nedum-Onuoha,eng ENG,DF,Real Salt Lake,32,1986,27,26,2336,1,0,0,0,2,0,0.04,0,0.04,0.04,0.04,0.7,0.7,0.3,0.03,0.01,0.04,0.03,0.04
442,Ike Opara\Ike-Opara,us USA,DF,Minnesota,29,1989,30,29,2566,3,1,0,0,4,0,0.11,0.04,0.14,0.11,0.14,2.1,2.1,1,0.07,0.03,0.11,0.07,0.11
443,Kofi Opare\Kofi-Opare,ca CAN,DF,Colorado,28,1990,3,3,270,0,0,0,0,0,0,0,0,0,0,0,0.1,0.1,0,0.03,0,0.03,0.03,0.03
444,Jonathan Osorio\Jonathan-Osorio,ca CAN,MFFW,Toronto FC,26,1992,24,18,1757,5,3,0,1,2,0,0.26,0.15,0.41,0.26,0.41,4.3,3.5,1.9,0.22,0.1,0.31,0.18,0.27
445,David Ousted\David-Ousted,dk DEN,GK,Chicago,33,1985,14,14,1260,0,0,0,0,0,0,0,0,0,0,0,0,0,0,0,0,0,0,0
446,Juan Pablo Torres\Juan-Pablo-Torres,us USA,FW,NYCFC,19,1999,1,0,1,0,0,0,0,0,0,0,0,0,0,0,0,0,0,0,0,0,0,0
447,Diego Palacios\Diego-Palacios,ec ECU,DF,Los Angeles FC,19,1999,2,1,92,0,0,0,0,0,0,0,0,0,0,0,0.2,0.2,0,0.17,0,0.17,0.17,0.17
448,Cristhian Paredes\Cristhian-Paredes,py PAR,MF,Portland,20,1998,22,19,1647,4,2,0,0,2,0,0.22,0.11,0.33,0.22,0.33,3.2,3.2,1.6,0.17,0.09,0.26,0.17,0.26
449,Tim Parker\Tim-Parker,us USA,DF,NY Red Bulls,25,1993,31,26,2388,0,0,0,0,5,1,0,0,0,0,0,1.3,1.3,0.2,0.05,0.01,0.06,0.05,0.06
450,Michael Parkhurst\Michael-Parkhurst,us USA,DF,Atlanta,35,1984,20,15,1444,0,0,0,0,3,0,0,0,0,0,0,0.2,0.2,0.5,0.02,0.03,0.05,0.02,0.05
451,Keaton Parks\Keaton-Parks,us USA,MF,NYCFC,21,1997,22,14,1322,1,1,0,0,3,0,0.07,0.07,0.14,0.07,0.14,2,2,1.7,0.14,0.12,0.26,0.14,0.26
452,Kevin Partida\Kevin-Partida,us USA,FW,San Jose,23,1995,1,0,1,0,0,0,0,0,0,0,0,0,0,0,0,0,0,0,0,0,0,0
453,Santiago Patiño\Santiago-Patino,us USA,FW,Orlando City,21,1997,11,3,328,2,1,0,0,1,0,0.55,0.27,0.82,0.55,0.82,2.2,2.2,1,0.59,0.29,0.88,0.59,0.88
454,Cristian Pavón\Cristian-Pavon,ar ARG,FW,LA Galaxy,23,1996,11,11,971,3,4,0,0,1,0,0.28,0.37,0.65,0.28,0.65,2.8,2.8,3.8,0.26,0.35,0.61,0.26,0.61
455,PC\PC,br BRA,FWDF,Vancouver,24,1994,18,9,814,0,1,0,0,4,0,0,0.11,0.11,0,0.11,0.6,0.6,0.7,0.07,0.07,0.14,0.07,0.14
456,Marquinhos Pedroso\Marquinhos-Pedroso,br BRA,DF,FC Dallas,25,1993,2,1,118,0,0,0,0,0,0,0,0,0,0,0,0,0,0,0.03,0,0.03,0.03,0.03
457,Marquinhos Pedroso\Marquinhos-Pedroso,br BRA,DF,D.C. United,25,1993,4,3,285,0,0,0,0,0,0,0,0,0,0,0,0,0,0.1,0.02,0.03,0.05,0.02,0.05
458,Ronaldo Peña\Ronaldo-Pena,ve VEN,FWMF,Houston,21,1997,4,2,159,0,0,0,0,3,0,0,0,0,0,0,0.1,0.1,0.1,0.08,0.05,0.13,0.08,0.13
459,Cristian Penilla\Cristian-Penilla,ec ECU,MFFW,New England,27,1991,30,18,1784,6,5,0,0,2,0,0.3,0.25,0.55,0.3,0.55,6.6,6.6,4.7,0.33,0.24,0.57,0.33,0.57
460,Ricardo Pepi\Ricardo-Pepi,us USA,MFFW,FC Dallas,16,2003,7,0,78,0,0,0,0,0,0,0,0,0,0,0,0.4,0.4,0.7,0.41,0.82,1.23,0.41,1.23
461,Dion Pereira\Dion-Pereira,eng ENG,FWDF,Atlanta,19,1999,18,7,671,0,1,0,0,0,0,0,0.13,0.13,0,0.13,0.2,0.2,1.1,0.03,0.15,0.18,0.03,0.18
462,Mauricio Pereyra\Mauricio-Pereyra,uy URU,MFFW,Orlando City,28,1990,6,5,392,0,2,0,0,1,0,0,0.46,0.46,0,0.46,0.1,0.1,1.5,0.02,0.34,0.36,0.02,0.36
463,Adrien Perez\Adrien-Perez,us USA,FW,Los Angeles FC,23,1995,12,1,215,1,0,0,0,0,0,0.42,0,0.42,0.42,0.42,1.5,1.5,0.2,0.64,0.07,0.71,0.64,0.71
464,Javier Pérez\Javier-Perez,es ESP,MF,Los Angeles FC,22,1996,1,0,13,0,0,0,0,0,0,0,0,0,0,0,0,0,0,0.16,0.18,0.34,0.16,0.34
465,Joshua Pérez\Joshua-Perez,us USA,FWMF,Los Angeles FC,21,1998,13,4,457,1,1,0,0,0,0,0.2,0.2,0.39,0.2,0.39,2.5,2.5,0.4,0.5,0.07,0.57,0.5,0.57
466,Ignacio Piatti\Ignacio-Piatti,ar ARG,FW,Montreal,33,1985,11,9,754,3,1,0,0,1,0,0.36,0.12,0.48,0.36,0.48,2,2,0.9,0.24,0.11,0.35,0.24,0.35
467,Fafà Picault\Fafa-Picault,us USA,FW,Philadelphia,27,1991,32,21,1862,4,4,0,0,4,0,0.19,0.19,0.39,0.19,0.39,7,7,2.8,0.34,0.13,0.47,0.34,0.47
468,Samuel Piette\Samuel-Piette,ca CAN,MF,Montreal,24,1994,25,25,2219,0,0,0,0,6,0,0,0,0,0,0,0.5,0.5,0.8,0.02,0.03,0.05,0.02,0.05
469,Donovan Pines\Donovan-Pines,us USA,DF,D.C. United,20,1998,10,9,785,0,1,0,0,1,0,0,0.11,0.11,0,0.11,0.3,0.3,0.3,0.03,0.03,0.06,0.03,0.06
470,Joao Plata\Joao-Plata,ec ECU,FWMF,Real Salt Lake,26,1992,17,2,317,1,0,1,1,0,0,0.28,0,0.28,0,0,1.5,0.8,0.3,0.44,0.09,0.53,0.23,0.32
471,Florentin Pogba\Florentin-Pogba,gn GUI,DF,Atlanta,28,1990,13,8,783,0,0,0,0,2,0,0,0,0,0,0,0.1,0.1,0.3,0.01,0.03,0.05,0.01,0.05
472,Diego Polenta\Diego-Polenta,uy URU,DF,LA Galaxy,26,1992,28,28,2519,1,2,0,0,10,1,0.04,0.07,0.11,0.04,0.11,1.1,1.1,2.3,0.04,0.08,0.12,0.04,0.12
473,Andy Polo\Andy-Polo,pe PER,MFFW,Portland,24,1994,19,12,1047,0,1,0,0,1,0,0,0.09,0.09,0,0.09,0.8,0.8,1.2,0.07,0.1,0.17,0.07,0.17
474,Paxton Pomykal\Paxton-Pomykal,us USA,MF,FC Dallas,19,1999,25,20,1878,2,2,0,0,4,0,0.1,0.1,0.19,0.1,0.19,2.3,2.3,3.1,0.11,0.15,0.26,0.11,0.26
475,Chris Pontius\Chris-Pontius,us USA,FW,LA Galaxy,31,1987,18,6,703,2,2,0,0,0,0,0.26,0.26,0.51,0.26,0.51,2.5,2.5,2,0.33,0.25,0.58,0.33,0.58
476,Justin Portillo\Justin-Portillo,us USA,MF,Real Salt Lake,26,1992,4,2,194,0,0,0,0,1,1,0,0,0,0,0,0,0,0,0,0,0,0,0
477,Alvas Powell\Alvas-Powell,jm JAM,DF,FC Cincinnati,24,1994,13,10,969,0,0,0,0,1,0,0,0,0,0,0,0.5,0.5,0.5,0.04,0.04,0.09,0.04,0.09
478,Dillon Powers\Dillon-Powers,us USA,MF,Orlando City,27,1991,7,7,619,0,1,0,0,0,0,0,0.15,0.15,0,0.15,0.1,0.1,0.3,0.01,0.04,0.05,0.01,0.05
479,Alejandro Pozuelo\Alejandro-Pozuelo,es ESP,MFFW,Toronto FC,27,1991,30,28,2518,12,7,5,6,5,1,0.43,0.25,0.68,0.25,0.5,9,4.4,7.5,0.32,0.27,0.59,0.16,0.42
480,Jack Price\Jack-Price,eng ENG,MF,Colorado,26,1992,27,25,2226,1,10,0,0,9,1,0.04,0.4,0.44,0.04,0.44,0.2,0.2,6,0.01,0.24,0.25,0.01,0.25
481,Kacper Przybyłko\Kacper-Przybylko,pl POL,FW,Philadelphia,25,1993,26,25,2241,15,4,0,1,5,0,0.6,0.16,0.76,0.6,0.76,12.3,11.5,3.4,0.49,0.13,0.63,0.46,0.6
482,Andrew Putna\Andrew-Putna,us USA,GK,Real Salt Lake,24,1994,5,5,450,0,0,0,0,1,0,0,0,0,0,0,0,0,0.1,0,0.02,0.02,0,0.02
483,Valeri Qazaishvili\Valeri-Qazaishvili,ge GEO,FWMF,San Jose,26,1993,32,24,2094,8,5,0,0,1,0,0.34,0.21,0.56,0.34,0.56,6.9,6.9,2.9,0.3,0.13,0.42,0.3,0.42
484,Darwin Quintero\Darwin-Quintero,co COL,MFFW,Minnesota,31,1987,30,26,2197,10,5,3,4,5,0,0.41,0.2,0.61,0.29,0.49,11.7,8.6,5,0.48,0.21,0.68,0.35,0.56
485,Romell Quioto\Romell-Quioto,hn HON,FW,Houston,27,1991,18,8,796,2,2,1,1,5,1,0.23,0.23,0.45,0.11,0.34,2.3,1.6,2.6,0.26,0.29,0.55,0.18,0.47
486,Jukka Raitala\Jukka-Raitala,fi FIN,DF,Montreal,30,1988,26,23,2084,0,0,0,0,2,0,0,0,0,0,0,0.1,0.1,0.4,0,0.02,0.02,0,0.02
487,Christian Ramirez\Christian-Ramirez,us USA,FWMF,Houston,27,1991,10,7,674,5,1,0,0,0,0,0.67,0.13,0.8,0.67,0.8,3.8,3.8,0.8,0.5,0.11,0.61,0.5,0.61
488,Christian Ramirez\Christian-Ramirez,us USA,FW,Los Angeles FC,27,1991,17,13,948,4,2,0,0,0,0,0.38,0.19,0.57,0.38,0.57,5.8,5.8,1.3,0.55,0.13,0.68,0.55,0.68
489,Greg Ranjitsingh\Greg-Ranjitsingh,tt TRI,GK,Orlando City,25,1993,2,2,180,0,0,0,0,0,0,0,0,0,0,0,0,0,0,0,0,0,0,0
490,Matthew Real\Matthew-Real,us USA,DFMF,Philadelphia,19,1999,3,1,68,0,1,0,0,1,0,0,1.32,1.32,0,1.32,0.1,0.1,0.2,0.19,0.29,0.48,0.19,0.48
491,Eric Remedi\Eric-Remedi,ar ARG,MF,Atlanta,23,1995,28,25,2050,0,1,0,0,6,0,0,0.04,0.04,0,0.04,0.6,0.6,1,0.02,0.05,0.07,0.02,0.07
492,Justin Rennicks\Justin-Rennicks,us USA,FW,New England,19,1999,2,1,105,0,0,0,0,0,0,0,0,0,0,0,0.5,0.5,0,0.44,0.02,0.46,0.44,0.46
493,Yordy Reyna\Yordy-Reyna,pe PER,FWMF,Vancouver,25,1993,25,22,1988,7,1,0,1,5,0,0.32,0.05,0.36,0.32,0.36,4.6,3.9,2.8,0.21,0.13,0.34,0.18,0.3
494,Bryan Reynolds\Bryan-Reynolds,us USA,FWDF,FC Dallas,17,2001,10,1,119,0,1,0,0,0,0,0,0.76,0.76,0,0.76,0.1,0.1,0.3,0.04,0.21,0.25,0.04,0.25
495,Spencer Richey\Spencer-Richey,us USA,GK,FC Cincinnati,26,1992,19,19,1710,0,0,0,0,1,0,0,0,0,0,0,0,0,0,0,0,0,0,0
496,Tosaint Ricketts\Tosaint-Ricketts,ca CAN,FW,Vancouver,31,1987,8,6,479,1,1,0,0,1,0,0.19,0.19,0.38,0.19,0.38,2.4,2.4,0.1,0.44,0.03,0.47,0.44,0.47
497,Nick Rimando\Nick-Rimando,us USA,GK,Real Salt Lake,39,1979,29,29,2610,0,0,0,0,1,0,0,0,0,0,0,0,0,0,0,0,0,0,0
498,Alexander Ring\Alexander-Ring,fi FIN,MF,NYCFC,27,1991,31,31,2790,4,4,0,0,12,0,0.13,0.13,0.26,0.13,0.26,3.2,3.2,2.4,0.11,0.08,0.19,0.11,0.19
499,Andrés Ríos\Andres-Rios,ar ARG,MFFW,San Jose,29,1989,10,1,270,1,0,0,0,1,0,0.33,0,0.33,0.33,0.33,0.6,0.6,0.7,0.2,0.23,0.43,0.2,0.43
500,Thomas Roberts\Thomas-Roberts,us USA,MFFW,FC Dallas,17,2001,6,3,237,0,0,0,0,0,0,0,0,0,0,0,0.1,0.1,0.3,0.03,0.13,0.16,0.03,0.16
501,Robinho\Robinho,br BRA,FW,Orlando City,24,1995,6,3,234,0,0,0,0,0,0,0,0,0,0,0,0.4,0.4,0.1,0.14,0.04,0.18,0.14,0.18
502,Robinho\Robinho,br BRA,FW,Columbus,24,1995,19,13,1112,0,2,0,0,0,0,0,0.16,0.16,0,0.16,2.2,2.2,1.5,0.17,0.12,0.3,0.17,0.3
503,Jalen Robinson\Jalen-Robinson,us USA,DF,D.C. United,24,1994,10,5,414,0,0,0,0,0,0,0,0,0,0,0,0,0,0,0.01,0.01,0.01,0.01,0.01
504,Miles Robinson\Miles-Robinson,us USA,DF,Atlanta,21,1997,34,33,2979,0,0,0,0,4,0,0,0,0,0,0,1.3,1.3,0.2,0.04,0,0.04,0.04,0.04
505,Luis Robles\Luis-Robles,us USA,GK,NY Red Bulls,34,1984,33,33,2970,0,0,0,0,4,0,0,0,0,0,0,0,0,0,0,0,0,0,0
506,Tony Rocha\Tony-Rocha,bz BLZ,MFDF,NYCFC,25,1993,17,9,876,0,0,0,0,1,0,0,0,0,0,0,0.1,0.1,0.2,0.01,0.02,0.03,0.01,0.03
507,Angelo Rodríguez\Angelo-Rodriguez,co COL,FW,Minnesota,29,1989,28,21,1745,5,1,1,1,2,0,0.26,0.05,0.31,0.21,0.26,10,9.3,1.8,0.52,0.09,0.61,0.48,0.57
508,Brian Rodríguez\Brian-Rodriguez,uy URU,FW,Los Angeles FC,18,2000,7,5,384,0,0,0,0,0,0,0,0,0,0,0,1.4,1.4,0.9,0.32,0.2,0.53,0.32,0.53
509,Lucas Rodríguez\Lucas-Rodriguez,ar ARG,FWMF,D.C. United,21,1997,33,31,2699,6,3,0,0,5,0,0.2,0.1,0.3,0.2,0.3,3.4,3.4,1.3,0.11,0.04,0.16,0.11,0.16
510,Memo Rodriguez\Memo-Rodriguez,us USA,FWMF,Houston,23,1995,26,16,1387,7,2,0,0,3,0,0.45,0.13,0.58,0.45,0.58,6.2,6.2,2.2,0.41,0.15,0.55,0.41,0.55
511,Víctor Rodríguez\Victor-Rodriguez,es ESP,FWMF,Seattle,29,1989,17,14,1117,2,3,1,1,1,0,0.16,0.24,0.4,0.08,0.32,3.1,2.3,3,0.25,0.24,0.49,0.19,0.43
512,Alex Roldan\Alex-Roldan,us USA,FWMF,Seattle,22,1996,9,5,443,0,0,0,0,0,0,0,0,0,0,0,0.2,0.2,0,0.05,0.01,0.06,0.05,0.06
513,Cristian Roldan\Cristian-Roldan,us USA,MFFW,Seattle,23,1995,29,29,2537,6,3,0,0,4,1,0.21,0.11,0.32,0.21,0.32,3.6,3.6,2.9,0.13,0.1,0.23,0.13,0.23
514,David Romney\David-Romney,us USA,DF,LA Galaxy,25,1993,12,10,928,0,1,0,0,0,0,0,0.1,0.1,0,0.1,0.8,0.8,0.5,0.08,0.05,0.12,0.08,0.12
515,Eloy Room\Eloy-Room,cw CUW,GK,Columbus,29,1989,12,12,1080,0,0,0,0,1,0,0,0,0,0,0,0,0,0,0,0,0,0,0
516,Wayne Rooney\Wayne-Rooney,eng ENG,FW,D.C. United,33,1985,28,27,2313,11,7,4,4,5,2,0.43,0.27,0.7,0.27,0.54,11.2,8.1,6.1,0.43,0.24,0.67,0.32,0.55
517,Andy Rose\Andy-Rose,au AUS,MFDF,Vancouver,28,1990,24,20,1851,1,1,0,0,2,0,0.05,0.05,0.1,0.05,0.1,1.6,1.6,0,0.08,0,0.08,0.08,0.08
518,Oriol Rosell\Oriol-Rosell,es ESP,MF,Orlando City,26,1992,20,16,1466,0,0,0,0,6,0,0,0,0,0,0,0.6,0.6,0.3,0.03,0.02,0.05,0.03,0.05
519,Keegan Rosenberry\Keegan-Rosenberry,us USA,DF,Colorado,25,1993,34,34,3060,1,3,0,0,3,0,0.03,0.09,0.12,0.03,0.12,0.9,0.9,2.7,0.03,0.08,0.11,0.03,0.11
520,Diego Rossi\Diego-Rossi,uy URU,FW,Los Angeles FC,20,1998,34,33,2891,16,6,0,0,2,0,0.5,0.19,0.68,0.5,0.68,12.2,12.2,7.8,0.38,0.24,0.62,0.38,0.62
521,Brian Rowe\Brian-Rowe,us USA,GK,Orlando City,30,1988,32,32,2880,0,0,0,0,1,0,0,0,0,0,0,0,0,0.2,0,0.01,0.01,0,0.01
522,Kelyn Rowe\Kelyn-Rowe,us USA,MF,Real Salt Lake,27,1991,4,2,181,0,0,0,0,0,0,0,0,0,0,0,0.1,0.1,0,0.04,0,0.04,0.04,0.04
523,Kelyn Rowe\Kelyn-Rowe,us USA,FWMF,Sporting KC,27,1991,14,7,693,0,1,0,0,2,0,0,0.13,0.13,0,0.13,2,2,0.4,0.26,0.05,0.31,0.26,0.31
524,Daniel Royer\Daniel-Royer,at AUT,FW,NY Red Bulls,28,1990,31,26,2314,11,6,4,5,1,0,0.43,0.23,0.66,0.27,0.51,14.1,10.3,4.7,0.55,0.18,0.73,0.4,0.58
525,Ruan\Ruan,br BRA,DF,Orlando City,23,1995,25,23,2097,0,4,0,0,1,0,0,0.17,0.17,0,0.17,0.9,0.9,4.4,0.04,0.19,0.23,0.04,0.23
526,Diego Rubio\Diego-Rubio,cl CHI,MFFW,Colorado,25,1993,26,25,2054,11,4,0,0,10,1,0.48,0.18,0.66,0.48,0.66,6.2,6.2,3.3,0.27,0.15,0.42,0.27,0.42
527,Raúl Ruidíaz\Raul-Ruidiaz,pe PER,FW,Seattle,28,1990,22,20,1793,11,2,0,0,0,0,0.55,0.1,0.65,0.55,0.65,11.7,11.7,2.6,0.59,0.13,0.72,0.59,0.72
528,Albert Rusnák\Albert-Rusnak,sk SVK,MFFW,Real Salt Lake,24,1994,29,28,2450,10,3,4,5,2,0,0.37,0.11,0.48,0.22,0.33,8.6,4.8,4.3,0.32,0.16,0.48,0.18,0.34
529,Johnny Russell\Johnny-Russell,sco SCO,FWMF,Sporting KC,28,1990,28,24,2113,9,6,0,0,1,0,0.38,0.26,0.64,0.38,0.64,6.1,6.1,7.2,0.26,0.31,0.57,0.26,0.57
530,Abdul Rwatubyaye\Abdul-Rwatubyaye,rw RWA,DF,Sporting KC,22,1996,2,1,165,0,0,0,0,1,0,0,0,0,0,0,0,0,0,0.02,0,0.02,0.02,0.02
531,Marc Rzatkowski\Marc-Rzatkowski,de GER,MFFW,NY Red Bulls,28,1990,28,26,2315,2,3,0,0,4,0,0.08,0.12,0.19,0.08,0.19,2.2,2.2,4.8,0.09,0.19,0.27,0.09,0.27
532,Bacary Sagna\Bacary-Sagna,fr FRA,DF,Montreal,35,1983,26,25,2179,1,2,0,0,7,1,0.04,0.08,0.12,0.04,0.12,0.7,0.7,2.3,0.03,0.09,0.12,0.03,0.12
533,Kenny Saief\Kenny-Saief,us USA,FWMF,FC Cincinnati,25,1993,9,6,566,1,2,0,0,0,0,0.16,0.32,0.48,0.16,0.48,1,1,1.7,0.16,0.27,0.43,0.16,0.43
534,Michael Salazar\Michael-Salazar,bz BLZ,FWMF,Houston,26,1992,7,1,159,0,0,0,0,0,0,0,0,0,0,0,0.1,0.1,0,0.07,0.01,0.08,0.07,0.08
535,Shea Salinas\Shea-Salinas,us USA,MFDF,San Jose,32,1986,28,12,1345,6,3,0,0,3,0,0.4,0.2,0.6,0.4,0.6,4.9,4.9,3.3,0.33,0.22,0.55,0.33,0.55
536,Dániel Sallói\Daniel-Salloi,hu HUN,FWMF,Sporting KC,22,1996,28,16,1545,1,1,0,1,1,1,0.06,0.06,0.12,0.06,0.12,6.2,5.5,2,0.36,0.12,0.48,0.32,0.44
537,Ilie Sánchez\Ilie-Sanchez,es ESP,MF,Sporting KC,28,1990,32,27,2510,2,4,1,1,7,1,0.07,0.14,0.22,0.04,0.18,2.2,1.5,2.2,0.08,0.08,0.16,0.05,0.13
538,James Sands\James-Sands,us USA,DFMF,NYCFC,18,2000,19,18,1485,0,0,0,0,4,0,0,0,0,0,0,0.1,0.1,0.2,0,0.01,0.02,0,0.02
539,Lamine Sané\Lamine-Sane,sn SEN,DF,Orlando City,31,1987,26,25,2275,0,0,0,0,4,0,0,0,0,0,0,0.5,0.5,0.3,0.02,0.01,0.03,0.02,0.03
540,Harold Santiago Mosquera\Harold-Santiago-Mosquera,co COL,FWMF,FC Dallas,23,1995,23,12,1173,3,1,0,0,0,0,0.23,0.08,0.31,0.23,0.31,2.6,2.6,1.7,0.2,0.13,0.33,0.2,0.33
541,Sergio Santos Gomes\Sergio-Santos-Gomes,br BRA,FWMF,Philadelphia,24,1994,17,5,626,4,1,0,0,2,0,0.58,0.14,0.72,0.58,0.72,3.8,3.8,0.4,0.55,0.06,0.6,0.55,0.6
542,Pedro Santos\Pedro-Santos,pt POR,FWMF,Columbus,30,1988,33,30,2761,11,5,1,1,7,0,0.36,0.16,0.52,0.33,0.49,5.7,5,6,0.19,0.19,0.38,0.16,0.36
543,C.J. Sapong\CJ-Sapong,us USA,FW,Chicago,30,1988,32,29,2547,13,1,0,0,3,0,0.46,0.04,0.49,0.46,0.49,10.9,10.9,1.9,0.4,0.07,0.47,0.4,0.47
544,Sebastián Saucedo\Sebastian-Saucedo,us USA,FWMF,Real Salt Lake,22,1997,26,13,1192,2,4,0,0,6,0,0.15,0.3,0.45,0.15,0.45,1.6,1.6,1.9,0.12,0.15,0.27,0.12,0.27
545,Gastón Sauro\Gaston-Sauro,ar ARG,DF,Columbus,28,1990,15,15,1284,2,0,0,0,4,0,0.14,0,0.14,0.14,0.14,0.8,0.8,0.7,0.05,0.05,0.1,0.05,0.1
546,Jefferson Savarino\Jefferson-Savarino,ve VEN,FWMF,Real Salt Lake,22,1996,28,27,2315,8,5,0,0,1,1,0.31,0.19,0.51,0.31,0.51,5.3,5.3,3.1,0.21,0.12,0.33,0.21,0.33
547,Tate Schmitt\Tate-Schmitt,us USA,FW,Real Salt Lake,21,1997,6,1,93,0,0,0,0,0,0,0,0,0,0,0,0,0,0,0,0,0,0,0
548,Rasmus Schüller\Rasmus-Schuller,fi FIN,MFFW,Minnesota,27,1991,15,11,921,0,0,0,0,1,0,0,0,0,0,0,1,1,0.5,0.09,0.05,0.14,0.09,0.14
549,Bastian Schweinsteiger\Bastian-Schweinsteiger,de GER,DFMF,Chicago,34,1984,30,30,2675,1,3,0,0,10,0,0.03,0.1,0.13,0.03,0.13,1.1,1.1,1.6,0.04,0.06,0.09,0.04,0.09
550,Eddie Segura\Eddie-Segura,co COL,DF,Los Angeles FC,21,1997,34,33,2955,1,0,0,0,1,0,0.03,0,0.03,0.03,0.03,1.6,1.6,0.1,0.05,0,0.05,0.05,0.05
551,Ulises Segura\Ulises-Segura,cr CRC,FWDF,D.C. United,25,1993,33,19,1791,3,2,0,0,1,0,0.15,0.1,0.25,0.15,0.25,2.6,2.6,2.5,0.13,0.12,0.25,0.13,0.25
552,Chris Seitz\Chris-Seitz,us USA,GK,D.C. United,31,1987,1,1,90,0,0,0,0,0,0,0,0,0,0,0,0,0,0,0,0,0,0,0
553,Amar Sejdic\Amar-Sejdic,us USA,MF,Montreal,22,1996,1,1,67,0,0,0,0,0,0,0,0,0,0,0,0,0,0,0,0.04,0.04,0,0.04
554,Dillon Serna\Dillon-Serna,us USA,DFMF,Colorado,24,1994,14,6,586,0,0,0,0,0,0,0,0,0,0,0,0.4,0.4,0.3,0.07,0.05,0.11,0.07,0.11
555,Brandon Servania\Brandon-Servania,us USA,MF,FC Dallas,19,1999,18,13,1119,2,1,0,0,2,0,0.16,0.08,0.24,0.16,0.24,2.2,2.2,0.6,0.18,0.05,0.23,0.18,0.23
556,Jacob Shaffelburg\Jacob-Shaffelburg,ca CAN,MFFW,Toronto FC,19,1999,10,8,668,0,1,0,0,0,0,0,0.13,0.13,0,0.13,0.8,0.8,1,0.1,0.14,0.24,0.1,0.24
557,Brek Shea\Brek-Shea,us USA,DF,Atlanta,28,1990,19,10,911,0,1,0,0,0,0,0,0.1,0.1,0,0.1,0.5,0.5,2.5,0.05,0.24,0.29,0.05,0.29
558,Andre Shinyashiki\Andre-Shinyashiki,br BRA,FWMF,Colorado,23,1995,31,18,1672,7,3,0,0,3,0,0.38,0.16,0.54,0.38,0.54,6.3,6.3,3.5,0.34,0.19,0.53,0.34,0.53
559,Harry Shipp\Harry-Shipp,us USA,FWMF,Seattle,27,1991,25,15,1382,5,1,0,0,1,0,0.33,0.07,0.39,0.33,0.39,2.6,2.6,1.1,0.17,0.07,0.24,0.17,0.24
560,Shamit Shome\Shamit-Shome,ca CAN,MF,Montreal,21,1997,27,18,1626,1,1,0,0,3,0,0.06,0.06,0.11,0.06,0.11,1.9,1.9,0.8,0.1,0.05,0.15,0.1,0.15
561,Danilo da Silva\Danilo-da-Silva,br BRA,DF,Los Angeles FC,32,1986,5,2,225,0,0,0,0,1,0,0,0,0,0,0,0.2,0.2,0.1,0.06,0.05,0.11,0.06,0.11
562,Luis Silva\Luis-Silva,us USA,FWMF,Seattle,30,1988,5,2,198,0,0,0,0,0,0,0,0,0,0,0,1.2,1.2,0,0.55,0.01,0.56,0.55,0.56
563,Marcelo Silva\Marcelo-Silva,uy URU,DF,Real Salt Lake,29,1989,19,14,1345,2,0,0,0,3,1,0.13,0,0.13,0.13,0.13,0.4,0.4,0.2,0.03,0.01,0.04,0.03,0.04
564,Josh Sims\Josh-Sims,eng ENG,FW,NY Red Bulls,21,1997,7,5,476,0,1,0,0,0,0,0,0.19,0.19,0,0.19,0.9,0.9,0.5,0.18,0.1,0.28,0.18,0.28
565,Seth Sinovic\Seth-Sinovic,us USA,DF,Sporting KC,32,1987,22,21,1908,0,1,0,0,4,0,0,0.05,0.05,0,0.05,0.3,0.3,0.5,0.01,0.02,0.04,0.01,0.04
566,Pablo Sisniega\Pablo-Sisniega,mx MEX,GK,Los Angeles FC,23,1995,6,6,540,0,0,0,0,0,0,0,0,0,0,0,0,0,0,0,0,0,0,0
567,Axel Sjöberg\Axel-Sjoberg,se SWE,DFFW,Colorado,27,1991,7,5,435,0,0,0,0,0,1,0,0,0,0,0,0.3,0.3,0,0.06,0,0.06,0.06,0.06
568,Jørgen Skjelvik\Jorgen-Skjelvik,no NOR,DF,LA Galaxy,27,1991,20,19,1681,1,2,0,0,4,0,0.05,0.11,0.16,0.05,0.16,0.8,0.8,2.1,0.05,0.11,0.16,0.05,0.16
569,Brad Smith\Brad-Smith,au AUS,DF,Seattle,24,1994,25,22,1972,0,5,0,0,0,0,0,0.23,0.23,0,0.23,0.5,0.5,4.3,0.02,0.19,0.22,0.02,0.22
570,Graham Smith\Graham-Smith,us USA,DF,Sporting KC,23,1995,11,10,882,1,1,0,0,1,0,0.1,0.1,0.2,0.1,0.2,1.1,1.1,0.1,0.11,0.01,0.12,0.11,0.12
571,Kyle Smith\Kyle-Smith,us USA,DF,Orlando City,27,1992,23,15,1386,0,0,0,0,4,0,0,0,0,0,0,1.1,1.1,0.2,0.07,0.01,0.08,0.07,0.08
572,Tommy Smith\Tommy-Smith,nz NZL,DF,Colorado,28,1990,27,27,2413,3,2,0,0,3,1,0.11,0.07,0.19,0.11,0.19,3.2,3.2,0.4,0.12,0.02,0.14,0.12,0.14
573,Eduardo Sosa\Eduardo-Sosa,ve VEN,MFFW,Columbus,21,1997,8,4,325,0,0,0,0,1,0,0,0,0,0,0,0.4,0.4,0.1,0.1,0.04,0.14,0.1,0.14
574,Caleb Stanko\Caleb-Stanko,us USA,MF,FC Cincinnati,25,1993,23,16,1439,0,0,0,0,3,0,0,0,0,0,0,0.4,0.4,0.5,0.02,0.03,0.05,0.02,0.05
575,Zack Steffen\Zack-Steffen,us USA,GK,Columbus,23,1995,13,13,1170,0,0,0,0,0,0,0,0,0,0,0,0,0,0,0,0,0,0,0
576,Daniel Steres\Daniel-Steres,us USA,DF,LA Galaxy,28,1990,30,30,2613,3,0,0,0,4,1,0.1,0,0.1,0.1,0.1,2.9,2.9,0.7,0.1,0.02,0.13,0.1,0.13
577,Zoltán Stieber\Zoltan-Stieber,hu HUN,FWMF,D.C. United,30,1988,9,3,305,0,0,0,0,0,0,0,0,0,0,0,0.2,0.2,0.2,0.05,0.05,0.1,0.05,0.1
578,Aljaž Struna\Aljaz-Struna,si SVN,DF,Houston,28,1990,29,29,2610,0,1,0,0,4,0,0,0.03,0.03,0,0.03,0.3,0.3,0.2,0.01,0.01,0.02,0.01,0.02
579,Brad Stuver\Brad-Stuver,us USA,GK,NYCFC,27,1991,5,5,450,0,0,0,0,0,0,0,0,0,0,0,0,0,0.2,0,0.05,0.05,0,0.05
580,Scott Sutter\Scott-Sutter,ch SUI,DF,Vancouver,32,1986,16,9,983,1,0,0,0,0,0,0.09,0,0.09,0.09,0.09,0.3,0.3,0.7,0.03,0.06,0.09,0.03,0.09
581,Gustav Svensson\Gustav-Svensson,se SWE,MF,Seattle,31,1987,22,21,1811,0,0,0,0,1,0,0,0,0,0,0,0.8,0.8,0.5,0.04,0.03,0.06,0.04,0.06
582,Ben Sweat\Ben-Sweat,us USA,DF,NYCFC,27,1991,18,13,1266,0,1,0,0,4,0,0,0.07,0.07,0,0.07,0.1,0.1,0.8,0.01,0.06,0.07,0.01,0.07
583,Ballou Tabla\Ballou-Tabla,ca CAN,MFFW,Montreal,19,1999,4,1,129,0,0,0,0,0,0,0,0,0,0,0,0.3,0.3,0,0.23,0.03,0.26,0.23,0.26
584,Saphir Taïder\Saphir-Taider,dz ALG,MFFW,Montreal,26,1992,32,31,2726,9,7,5,5,2,0,0.3,0.23,0.53,0.13,0.36,8.6,4.8,5.3,0.28,0.17,0.46,0.16,0.33
585,Ismael Tajouri-Shradi\Ismael-Tajouri-Shradi,ly LBY,FWMF,NYCFC,24,1994,19,11,935,5,3,0,0,1,0,0.48,0.29,0.77,0.48,0.77,1.2,1.2,1.9,0.12,0.18,0.29,0.12,0.29
586,Amro Tarek\Amro-Tarek,eg EGY,DF,NY Red Bulls,26,1992,20,19,1471,1,1,0,0,6,1,0.06,0.06,0.12,0.06,0.12,0.9,0.9,1.2,0.06,0.07,0.13,0.06,0.13
587,Russell Teibert\Russell-Teibert,ca CAN,MF,Vancouver,26,1992,27,26,2194,0,3,0,0,1,0,0,0.12,0.12,0,0.12,0.4,0.4,1.6,0.02,0.07,0.08,0.02,0.08
588,Ryan Telfer\Ryan-Telfer,tt TRI,DF,Toronto FC,24,1994,1,0,4,0,1,0,0,0,0,0,22.5,22.5,0,22.5,0,0,0.6,0,13.52,13.52,0,13.52
589,Tommy Thompson\Tommy-Thompson,us USA,DF,San Jose,23,1995,30,28,2285,2,1,0,0,7,1,0.08,0.04,0.12,0.08,0.12,0.5,0.5,1.5,0.02,0.06,0.08,0.02,0.08
590,Anton Tinnerholm\Anton-Tinnerholm,se SWE,DF,NYCFC,27,1991,30,30,2631,1,7,0,0,4,0,0.03,0.24,0.27,0.03,0.27,3.2,3.2,3.1,0.11,0.11,0.22,0.11,0.22
591,Donny Toia\Donny-Toia,us USA,DF,Real Salt Lake,26,1992,24,24,2140,1,1,0,0,3,0,0.04,0.04,0.08,0.04,0.08,0.7,0.7,1.3,0.03,0.05,0.08,0.03,0.08
592,Nouhou Tolo\Nouhou-Tolo,cm CMR,DF,Seattle,21,1997,22,9,793,0,0,0,0,5,0,0,0,0,0,0,0.3,0.3,0.2,0.03,0.02,0.05,0.03,0.05
593,Román Torres\Roman-Torres,pa PAN,DF,Seattle,32,1986,17,12,1132,1,0,0,0,2,0,0.08,0,0.08,0.08,0.08,1.8,1.8,0.1,0.14,0.01,0.15,0.14,0.15
594,Mason Toye\Mason-Toye,us USA,FW,Minnesota,20,1998,17,9,823,6,2,0,0,2,1,0.66,0.22,0.87,0.66,0.87,4,4,1.3,0.44,0.14,0.58,0.44,0.58
595,Diedie Traoré\Diedie-Traore,fr FRA,DF,LA Galaxy,20,1999,4,3,220,0,0,0,0,0,0,0,0,0,0,0,0,0,0.1,0,0.04,0.04,0,0.04
596,Wil Trapp\Wil-Trapp,us USA,MF,Columbus,26,1993,28,26,2330,0,3,0,0,5,0,0,0.12,0.12,0,0.12,0.1,0.1,1.5,0,0.06,0.06,0,0.06
597,Auston Trusty\Auston-Trusty,us USA,DF,Philadelphia,20,1998,22,22,1965,1,0,0,0,5,1,0.05,0,0.05,0.05,0.05,1,1,0.4,0.04,0.02,0.06,0.04,0.06
598,Bill Tuiloma\Bill-Tuiloma,nz NZL,DF,Portland,23,1995,25,21,1920,1,0,0,0,1,0,0.05,0,0.05,0.05,0.05,1.5,1.5,0.1,0.07,0,0.07,0.07,0.07
599,Matt Turner\Matt-Turner,us USA,GK,New England,24,1994,20,20,1765,0,0,0,0,4,1,0,0,0,0,0,0,0,0,0,0,0,0,0
600,Ema Twumasi\Ema-Twumasi,gh GHA,DFMF,FC Dallas,21,1997,2,0,29,0,0,0,0,0,0,0,0,0,0,0,0.1,0.1,0,0.41,0,0.41,0.41,0.41
601,Przemysław Tytoń\Przemyslaw-Tyton,pl POL,GK,FC Cincinnati,32,1987,15,15,1350,0,0,0,0,0,0,0,0,0,0,0,0,0,0,0,0,0,0,0
602,Victor Ulloa\Victor-Ulloa,us USA,MF,FC Cincinnati,26,1992,26,22,1944,1,1,0,0,4,0,0.05,0.05,0.09,0.05,0.09,0.3,0.3,1.7,0.01,0.08,0.09,0.01,0.09
603,Maximiliano Urruti\Maximiliano-Urruti,ar ARG,FW,Montreal,27,1991,31,27,2433,4,6,1,1,5,1,0.15,0.22,0.37,0.11,0.33,4.6,3.8,2.7,0.17,0.1,0.27,0.14,0.24
604,Zarek Valentin\Zarek-Valentin,us USA,DF,Portland,27,1991,21,17,1625,0,0,0,0,5,0,0,0,0,0,0,0.1,0.1,0.5,0,0.03,0.03,0,0.03
605,Diego Valeri\Diego-Valeri,ar ARG,MFFW,Portland,32,1986,31,29,2595,8,8,2,4,4,0,0.28,0.28,0.55,0.21,0.49,8.4,5.2,8.3,0.29,0.29,0.58,0.18,0.47
606,Florian Valot\Florian-Valot,fr FRA,MFFW,NY Red Bulls,25,1993,2,2,124,0,1,0,0,0,0,0,0.73,0.73,0,0.73,0,0,0.3,0,0.25,0.25,0,0.25
607,Peter-Lee Vassell\Peter-Lee-Vassell,jm JAM,MF,Los Angeles FC,20,1998,6,2,181,0,0,0,0,0,0,0,0,0,0,0,0.4,0.4,0.6,0.2,0.29,0.49,0.2,0.49
608,Brandon Vazquez\Brandon-Vazquez,us USA,FW,Atlanta,20,1998,11,7,638,2,1,1,1,1,0,0.28,0.14,0.42,0.14,0.28,3,2.3,1.1,0.43,0.16,0.59,0.32,0.48
609,Carlos Vela\Carlos-Vela,mx MEX,FW,Los Angeles FC,29,1989,31,31,2723,34,10,9,11,1,0,1.12,0.33,1.45,0.83,1.16,25.2,16.8,11.4,0.83,0.38,1.21,0.55,0.93
610,Lucas Venuto\Lucas-Venuto,br BRA,FW,Vancouver,24,1995,22,12,1136,3,1,0,0,3,0,0.24,0.08,0.32,0.24,0.32,2,2,1.9,0.16,0.15,0.31,0.16,0.31
611,Matías Vera\Matias-Vera,ar ARG,MF,Houston,23,1995,30,30,2634,0,1,0,0,10,1,0,0.03,0.03,0,0.03,1,1,0.6,0.03,0.02,0.05,0.03,0.05
612,Jorge Villafaña\Jorge-Villafana,us USA,DF,Portland,29,1989,23,22,1943,0,4,0,0,0,0,0,0.19,0.19,0,0.19,0.4,0.4,2.2,0.02,0.1,0.12,0.02,0.12
613,Héctor Villalba\Hector-Villalba,py PAR,FWMF,Atlanta,24,1994,20,10,940,1,3,0,0,0,0,0.1,0.29,0.38,0.1,0.38,3.3,3.3,2.3,0.32,0.22,0.53,0.32,0.53
614,Sam Vines\Sam-Vines,us USA,DF,Colorado,19,1999,26,23,2151,0,0,0,0,2,0,0,0,0,0,0,0.2,0.2,0.4,0.01,0.02,0.02,0.01,0.02
615,Kai Wagner\Kai-Wagner,de GER,DF,Philadelphia,21,1997,30,30,2689,0,6,0,0,6,1,0,0.2,0.2,0,0.2,0.3,0.3,3.4,0.01,0.11,0.12,0.01,0.12
616,Rodney Wallace\Rodney-Wallace,cr CRC,DF,Sporting KC,30,1988,1,1,26,0,0,0,0,0,0,0,0,0,0,0,0,0,0,0,0,0,0,0
617,Akeem Ward\Akeem-Ward,us USA,DF,D.C. United,23,1996,1,1,47,0,0,0,0,0,0,0,0,0,0,0,0,0,0,0,0,0,0,0
618,Kendall Waston\Kendall-Waston,cr CRC,DF,FC Cincinnati,31,1988,25,24,2175,1,0,0,0,10,1,0.04,0,0.04,0.04,0.04,1.3,1.3,0.1,0.05,0.01,0.06,0.05,0.06
619,Quentin Westberg\Quentin-Westberg,us USA,GK,Toronto FC,32,1986,28,28,2504,0,0,0,0,0,0,0,0,0,0,0,0,0,0,0,0,0,0,0
620,Brian White\Brian-White,us USA,FW,NY Red Bulls,22,1996,19,17,1336,8,1,0,0,1,0,0.54,0.07,0.61,0.54,0.61,6.4,6.4,1.1,0.43,0.07,0.51,0.43,0.51
621,JJ Williams\JJ-Williams,us USA,FW,Columbus,21,1998,7,3,327,0,0,0,0,0,0,0,0,0,0,0,0.7,0.7,0.1,0.2,0.03,0.23,0.2,0.23
622,Josh Williams\Josh-Williams,us USA,DF,Columbus,30,1988,16,15,1278,2,0,0,0,2,0,0.14,0,0.14,0.14,0.14,0.6,0.6,0.1,0.04,0,0.05,0.04,0.05
623,Romario Williams\Romario-Williams,jm JAM,FWMF,Columbus,24,1994,7,1,127,1,0,0,0,0,0,0.71,0,0.71,0.71,0.71,0.6,0.6,0.4,0.43,0.29,0.72,0.43,0.72
624,Romario Williams\Romario-Williams,jm JAM,FWDF,Atlanta,24,1994,2,0,39,0,0,0,0,0,0,0,0,0,0,0,0.1,0.1,0.2,0.19,0.45,0.64,0.19,0.64
625,Eryk Williamson\Eryk-Williamson,us USA,MFFW,Portland,21,1997,7,3,234,0,0,0,0,1,0,0,0,0,0,0,0.6,0.6,0,0.25,0,0.25,0.25,0.25
626,Joe Willis\Joe-Willis,us USA,GK,Houston,30,1988,27,27,2430,0,0,0,0,0,0,0,0,0,0,0,0,0,0.3,0,0.01,0.01,0,0.01
627,Danny Wilson\Danny-Wilson,sco SCO,MFDF,Colorado,27,1991,20,15,1328,2,1,0,0,4,0,0.14,0.07,0.2,0.14,0.2,2.1,2.1,0.3,0.14,0.02,0.16,0.14,0.16
628,Henry Wingo\Henry-Wingo,us USA,FW,Seattle,23,1995,6,2,202,0,0,0,0,0,0,0,0,0,0,0,0.1,0.1,0.5,0.04,0.2,0.25,0.04,0.25
629,Chris Wondolowski\Chris-Wondolowski,us USA,FW,San Jose,36,1983,32,24,1977,15,2,0,0,3,1,0.68,0.09,0.77,0.68,0.77,14,14,1.9,0.64,0.09,0.72,0.64,0.72
630,Andrew Wooten\Andrew-Wooten,us USA,FW,Philadelphia,29,1989,7,4,352,0,0,0,0,0,0,0,0,0,0,0,1.3,1.3,0.2,0.33,0.05,0.39,0.33,0.39
631,Brian Wright\Brian-Wright,ca CAN,FWMF,New England,23,1995,2,0,12,0,0,0,0,0,0,0,0,0,0,0,0,0,0,0,0,0,0,0
632,Bradley Wright-Phillips\Bradley-Wright-Phillips,eng ENG,FW,NY Red Bulls,33,1985,24,9,1110,2,1,0,0,3,0,0.16,0.08,0.24,0.16,0.24,3.7,3.7,1.7,0.3,0.14,0.44,0.3,0.44
633,Deklan Wynne\Deklan-Wynne,nz NZL,DF,Colorado,23,1995,11,11,916,0,0,0,0,0,0,0,0,0,0,0,0,0,0.1,0,0.01,0.01,0,0.01
634,Griffin Yow\Griffin-Yow,us USA,FW,D.C. United,16,2002,2,1,58,0,0,0,0,0,0,0,0,0,0,0,0,0,0,0,0,0,0,0
635,Jackson Yueill\Jackson-Yueill,us USA,MF,San Jose,21,1997,32,29,2669,3,4,0,0,2,0,0.1,0.13,0.24,0.1,0.24,2.2,2.2,3.3,0.08,0.11,0.19,0.08,0.19
636,Wilfried Zahibo\Wilfried-Zahibo,cf CTA,MF,New England,25,1993,24,18,1505,1,1,0,0,8,1,0.06,0.06,0.12,0.06,0.12,1.2,1.2,0.5,0.07,0.03,0.1,0.07,0.1
637,Renzo Zambrano\Renzo-Zambrano,ve VEN,MF,Portland,24,1994,10,9,783,0,0,0,0,4,1,0,0,0,0,0,0.4,0.4,0.3,0.04,0.03,0.08,0.04,0.08
638,Gyasi Zardes\Gyasi-Zardes,us USA,FW,Columbus,27,1991,28,28,2473,13,2,3,3,0,0,0.47,0.07,0.55,0.36,0.44,13.9,11.6,2,0.51,0.07,0.58,0.42,0.5
639,Eriq Zavaleta\Eriq-Zavaleta,us USA,DF,Toronto FC,26,1992,16,11,1017,0,0,0,0,3,1,0,0,0,0,0,0.2,0.2,0.1,0.02,0.01,0.03,0.02,0.03
640,Gedion Zelalem\Gedion-Zelalem,us USA,MF,Sporting KC,22,1997,9,5,435,0,0,0,0,1,0,0,0,0,0,0,0.2,0.2,0.1,0.05,0.02,0.07,0.05,0.07
641,Rodolfo Zelaya\Rodolfo-Zelaya,sv SLV,FW,Los Angeles FC,30,1988,4,1,120,1,0,0,0,0,0,0.75,0,0.75,0.75,0.75,1,1,0.1,0.72,0.06,0.78,0.72,0.78
642,Adrian Zendejas\Adrian-Zendejas,mx MEX,GK,Sporting KC,23,1995,1,1,90,0,0,0,0,0,0,0,0,0,0,0,0,0,0,0,0,0,0,0
643,Reto Ziegler\Reto-Ziegler,ch SUI,DF,FC Dallas,33,1986,32,32,2880,5,0,4,5,6,0,0.16,0,0.16,0.03,0.03,5.3,1.5,0.4,0.17,0.01,0.18,0.05,0.06
644,Walker Zimmerman\Walker-Zimmerman,us USA,DF,Los Angeles FC,25,1993,25,25,2165,1,0,0,0,8,1,0.04,0,0.04,0.04,0.04,1.1,1.1,0.4,0.05,0.02,0.06,0.05,0.06
645,Ethan Zubak\Ethan-Zubak,us USA,MFFW,LA Galaxy,20,1998,3,0,43,0,0,0,0,0,0,0,0,0,0,0,0.7,0.7,0.1,1.44,0.29,1.72,1.44,1.72
646,Graham Zusi\Graham-Zusi,us USA,DF,Sporting KC,32,1986,27,26,2351,0,1,0,0,5,0,0,0.04,0.04,0,0.04,1.3,1.3,3.9,0.05,0.15,0.2,0.05,0.2
